"@astros I was there with my favorite baseball partner Tammy for Tyler Whites first walk off HR. Saw stare on big screen. Win series 2-1, season series 12-7 and increase lead back to 2 1/2 games. Never Settle Astros! 30 regular season games left."
@twhite409 @astros That was an afternoon game? #HolyToledo
"@MLB @astros A Altuve lo cargaron en esa foto, parece de 6'5""...ğŸ˜‚ğŸ¤£ğŸ†"
@astros Altuve jumping up!!!! ğŸ˜‚â™¥ï¸âš¾
"@astros @Lissielys CLUTCH CITY, TEXAS ğŸ¤˜ğŸ¼"
@astros @LindseyFOX26 IS IT ENOUGH? YESSSSSS
@astros Why Correa in that pic?? ğŸ˜‚ğŸ˜‚ğŸ˜‚ğŸ˜‚ğŸ˜‚
@twhite409 @astros That was #Astronomical #GreatWhite
@astros #squadgoals
@astros You guys are Awesome!  Love the photo #NeverSettle
@twhite409 @astros @CHASE_High and @NCFFA alum. Gotta get this mans jersey to White Lake
@astros Nobody beats the ASTROS stare down âš¾ï¸ğŸ’™â¤ï¸
@astros Love them!
@astros pic.twitter.com/0lUbHZfvTo
"@astros HOUSTON PROUD, NEVER SETTLE @JMW14FLASH STRO ZONE BABY"
@twhite409 @astros Looking Majestic AF
@astros You do realize if they lose in the playoffs they are gonna get a HUGE HUGE stare down from that team!!! Itâ€™s coming!
@astros  https://www.facebook.com/1474854088/posts/10216646828991208/Â â€¦ Look at this kid I found doing Astros batting stances!
@astros Love it!
@astros DOESNT GET ANY BETTER THAN THIS... pic.twitter.com/gANcQQY8uz
@astros Awesome
@MLB @astros Jose Altuve look like he just saw a sexy piece of cake
ME AT THEM @astros pic.twitter.com/FXXkw93dfx
@astros Go Astros!!!!
@astros McCann is back and wants sum pic.twitter.com/nxzZ4XAJDv
@astros Altuve and @LMcCullers43 ğŸ”¥ğŸ”¥ğŸ”¥
@astros hell yes amazing please don't stop ever
@astros Yes I was happy when the astros won
@astros damn right ğŸ”¥ğŸ”¥
@JoseAltuve27 @TexasLegend2400 @astros Or that lazy butt slowing down before 1st base.
@astros Omg Altuve ğŸ˜‚ğŸ˜‚ğŸ˜‚ğŸ˜‚
@astros @TeamCJCorrea mira mira mira ayuda a mi Tuvee @JoseAltuve27 ğŸ‘‹ğŸ‘‹ğŸ™ŒğŸ™ŒğŸ™ŒğŸ‘‹ğŸ‘‹#NeverSettle
"@astros Ja ja la tienen bien monta con eso, eso es para los que se amanecieron hablando mierda de ellos ahora a comer."
@astros Where have I seen this before...ğŸ¤”ğŸ¤” pic.twitter.com/pQAW38qyB5
"@astros Let's learn to enjoy and appreciate this team because it will be a long time before you will ever see a team with so many great players on one team, just pure greatness"
@astros So happy for TW.
@MLB @astros @labrown1019 this thrurs
@astros ğŸ’‹ğŸ’‹ğŸ’‹ğŸ’‹ğŸ’‹ğŸ’‹ğŸ’•ğŸ’˜ğŸ’˜ğŸ’•ğŸ’˜ğŸ’•ğŸ’‹ğŸ’•ğŸ’‹ğŸ“ğŸ“ğŸ’•ğŸ’‹ğŸ“ğŸ’‹ğŸ’•ğŸ’‹ğŸ“ğŸ’‹ğŸ“ğŸ’‹ğŸ“ğŸ’‹ğŸ’•ğŸ’‹ğŸ’‹ğŸ’‹ğŸ’‹ğŸ’‹ğŸ’‹ğŸ’‹ğŸ’‹ğŸ’‹
@astros Love the new guy pic.twitter.com/aqCVpk5zXJ
@astros Where you at #MLB !!!
@astros It up it's going it's going it GONE!!!!!!!!!!!!!!!
@astros  pic.twitter.com/AiRLaryEl8
@astros @MillwallFCEO & @vincemilitello said this was @thedonsantino 's favorite part of the game.
"@astros This is so cute, I can't stop watching it!"
@astros  pic.twitter.com/8S8P0t0J46
@MLB @astros @OaklandAzFan  cool but ouch
@astros  pic.twitter.com/xcrRJtKL8y
@astros You got that right!!!!! #ASTROSWIN #NeverSettle
@astros poor fella
@astros What I see... pic.twitter.com/9hItHNz7M6
@astros @Esther188rod WATCH OUT HOLLYWOODMAYBE LOOKING FORYOU'LL TO MAKE AMOVIE WHO KNOWSLOVE ALL OF YOU AT80 YRS IT IS OK
@astros Right on!!!
@astros ğŸ’•ğŸ’‹ğŸ’‹ğŸ’‹ğŸ’•ğŸ’•ğŸ’‹ğŸ’‹ğŸ“ğŸ’‹ğŸ’•ğŸ“ğŸ’‹ğŸ’‹ğŸ’‹ğŸ¤´ğŸ»ğŸ‘¸ğŸ¾ğŸ’•ğŸ’˜ğŸ’˜ğŸ“ğŸ’•ğŸ’˜ğŸ’˜ğŸ’˜ğŸ’˜
@MLB @astros Uh I donâ€™t see @Indians @MrLapara in that photo!
"@astros @Astros @AstrosNVinoGal how do you steal something from a team who is, for the most part,insignificant.This started with @ABREG_1 staring/mean mugging the camera after homers.They need to get their story  http://straight.InÂ  this pic they look sad...like losers. pic.twitter.com/02h64Ui3YH"
@astros @Esther188rod CONGRATSMY ASTROS AND WHITEBLEW MY MIND WITH YOURHOME RUN GOD BLESSALL MY ASTROS GREATWIN NEVER SETTLE YES
@astros Bout to drop that rap album
@garysteveneaton @astros  https://twitter.com/rygo_17/status/1032971792221134848?s=21Â â€¦#DugoutStareChallenge
@astros Yay Astros y'all did it
@astros Yâ€™all ever do portrait orientation photos? Would loveee some of your work as my phone background! #astrostwitter
@astros @JoseAltuve27 bochinchero
How it came about ğŸ˜‚ pic.twitter.com/YVHXDA4gs0
@astros @ABREG_1 â€œthe STAREâ€ has made it to the PEARLAND WEST WILDCATTERS 8th grade football team!! @MikeskaSeth pic.twitter.com/CzyvvkOsYD
@astros Yes! ğŸ‘ pic.twitter.com/4WpoDGV0Wc
@MLB @astros  pic.twitter.com/oeMgymHryI
@astros Eso es!!!
@astros Nice to see an Astros WALKOFF in person ğŸ˜ğŸ˜
@MLB @astros @TyWhite1070
Hire me @astros
@astros HOW MANY RT FOR A TEAM SIGNED BALL??
@astros  pic.twitter.com/goHyBw4d3l
@astros ğŸğŸğŸğŸğŸğŸğŸğŸğŸğŸğŸğŸğŸğŸ¦ˆ
@JoseAltuve27 @astros  pic.twitter.com/JSgOuex8PC
@astros Wowwwwwww bottom right!!!!! @TherealAlexBDH
@astros Walk off stare!
@JoseAltuve27 @astros  pic.twitter.com/7G2jhc6g2O
@astros #bigpuddin
@MLB @astros ğŸ˜´ğŸ˜´ğŸ˜´ğŸ˜´ pic.twitter.com/holCdVry07
@astros Why does it look like Gerrit Cole is throwing it back ??ğŸ‘ (top right pic)
@astros @ABREG_1 #WalkoffStareChallenge pic.twitter.com/slp3cPUrC7
@MLBONFOX @astros Fly out in any other stadium dont @ me
@MLB @astros Where's Verlander???
Such a fun squad @astros
"@astros The White Shark's voice sounds so gentle, but he hits like The BABE!ğŸ˜‚ğŸ˜‚ğŸ˜‚"
@astros If we have the full practical love for people so we will light the place in which we are in it. love always lights .love canâ€™t be hidden because it is reflected into our behaviors  that all people can see. https://tinyurl.com/yb8kr4hkÂ 
@XFactor10 @astros Now thatâ€™s a nice  herd of billy goats !
@astros ğŸ‘€ ğŸ‘€ ğŸ‘€
@astros Whitepower lol
@astros Gl
@astros Holy moly!!! What a great win!! Way to go Stros!!!ğŸ’¥ğŸ™ŒğŸ’¥â­
@astros Goats ğŸ
@astros #geauxstros #geauxtylerwhite
"@astros Marisnick, when back in the lineup, needs to be given some playing time over Reddick.  Also, can we see the lineup that initially beat the A's on Monday night again when Yuli didn't play @ajhinch"
@astros ğŸ¤ŸğŸ»ğŸ¤ŸğŸ» pic.twitter.com/Q9INb1sL40
@astros NOBODY GET HURT!!!!!!
@astros YESSSSSS SIRRRRRRRRRRR!!!!!!!
@astros I am glad we won but we have issues to address. Altuve needs to stop swinging at pitches so far out of the strike zone Opposing pitchers know our tendencies and bank on us getting ourselves out.  I wish we could adopt Bregman's approach of only looking for pitches in certain zone
"@astros What a game, it wasn't easy, but we beat the A's on a great walk off home run by Tyler White!!! #ASTROSWIN #NeverSettle"
"@astros Beautiful. Just Beautiful. :,) pic.twitter.com/e7mmfjFrsS"
@astros Framber hit it big at the right time. Living his best life with the champs
"@astros Great Win Allstros,  RKL"
@astros Like like like like like a MILLION TIMES like
@astros Beautiful!
@astros GREAT WHITE STRIKES AGAIN!!
@astros T-Dub with the walk off homer! @twhite409
@astros @ABREG_1 #DugoutStareChallenge We love the Astros!! And we know just how to show itğŸ˜˜âš¾ï¸Love Yâ€™all pic.twitter.com/oAZeXbfv4O
@astros Is he twerking?? ğŸ˜‚ğŸ˜‚ pic.twitter.com/PcntZxsFb4
@astros *new header*
@astros Big Puddin ğŸ¤©
@astros #givethegreatehitesballback
@astros  pic.twitter.com/JNEGiwsgYc
@astros what are yâ€™all swinging at??
@astros The A's only averaged 4 runs per game. or you could say the Astros only gave up 4 runs per game and won 2 of them. Not bad!
@MLB @astros These boys r having fun. Gotta love it
@astros @tonykemp with the save - knocking the blue bin down before it could hit anyone ğŸ‘ŒğŸ¼
@astros @Astros #astros Happy postgame press conference. I went! pic.twitter.com/GcqrJQpmUs
"@astros Astros Win!!! A's needed a bigger field.......""Jaws Theme Song Sound Effect"" https://youtu.be/xnCqezlaDVsÂ "
@astros The Best what fun little boys can have.  Makes us happyğŸ˜‚
@astros Poster!!!!! And autograph please
@twhite409 @astros He can stare a hole through adamantium!!! â˜º ğŸ˜† ğŸ˜ƒ ğŸ‘ âš¾
"@astros In the second picture, on his way home, what is all that stuff in the air behind him?"
@astros Get this one Arlington!
@astros So happy I could scream! #NeverSettle pic.twitter.com/S7wgaED9e5
@astros  pic.twitter.com/1epAuHxKLf
@astros Yo what is Correa doing in that victory picture?  Dude needs to be slid on down to 8th or 9th in the order.
@astros Now sweep the Angels #NeverSettle
@astros to the @Athletics pic.twitter.com/y3y22gnikU
@astros Uggggh Iâ€™m more in love ğŸ˜
@MLB @astros Shit team
@astros ğŸ˜ğŸ†
@astros Too bad the guy who made it all happen is being covered up!!! Still awesome though!!
@astros Altuve looks like a mad scientist!!! ğŸ˜‰ ğŸ˜œ ğŸ˜›
@astros What an absolute joke of a stadium.
@astros Altuve....LOL!
@JoseAltuve27 @MichaelBerrySho @astros yea Altuey done good didn't he?
"@astros win, Tyler White hits walkoff homer, #NeverSettle #khou"
"@astros Tyler effing White, you mean."
@astros The stare. The shirt.  http://BreakingT.com/dreamÂ  pic.twitter.com/UaS7bvSvhJ
@astros No one does â€œthe stareâ€ better than @tonykemp
@astros I want this poster!!!
@astros I love how he looked so bad after the first two pitches and familia had a smirk on his face then got crushed
@astros No chunkin in there Astros! Good series win!
@astros Somehow Charlie Morton never ceases to amaze me ğŸ˜‚
@astros  pic.twitter.com/pohgmL4DjA
@astros This album is gonna be ğŸ”¥
@astros  pic.twitter.com/l6Vl3ESnU0
@astros Playoffs came early this year!
@astros ğŸ˜‚ pic.twitter.com/b6RHGJUcTL
@astros Heâ€™s on ğŸ”¥.
@astros THATS MY GOAT
@astros Lol y'all already made it the header ğŸ”¥ğŸ”¥ğŸ”¥ğŸ¤˜ğŸ¾
@astros  pic.twitter.com/NjQQ97JLnm
@astros That is awesome!
@MLBONFOX @astros Famila blown a game thatâ€™s a shock
@astros DADDIES
@astros Great job Alex!!!  Keep up the great work on & off the field!!  Weâ€™re grateful youâ€™re part of our âš¾ï¸âš¾ï¸Astros âš¾ï¸âš¾ï¸
@astros ..sit down ..be humble..#NYC #NotQuite #PinstripePrideğŸğŸğŸğŸ pic.twitter.com/Njr6u0mIXE
@astros So Marwin and Charlie are the adults.
@astros @knicoles528
@astros What a time to be an astros fan. Houston has deserved this team! We love this team. We are this team. @blummer27 @MikeMeltser @LopezOnSports
@astros Best group photo since the one after Game 7!
@astros so much going on here pic.twitter.com/79AZ6eaJQd
@astros Priceless.
@astros Too high.
@astros pic.twitter.com/WWU4UkcUeJ
@astros Why'd they have to make Tyler White stand in the back though?
@astros Way to go guys get win
@astros Nice call
@astros MY WALLPAPER :3
@astros ğŸğŸğŸ
@astros Tuve over there being the tallest.
@astros Where's @twhite409 ?  TV?
@astros This is Awesome!!!! #ASTROSWIN #NeverSettle
@MLB @astros ğŸ–•
"@astros Why is White in the background? Move back, y'all, make space for the Great White ğŸ¦ˆ"
@astros Yuli still wants to bat ğŸ˜‚
@astros .@tonykemp we see you with the clutch block there. Way to watch out for your boys even during a walk off celebration.
@astros Looks like LMJ is sitting on Kempâ€™s knee.
@astros They deserve some GOAT ğŸ cookies! How do I deliver? ğŸ˜ ğŸ¤— pic.twitter.com/Gs9cSg5Rfq
"@astros Great White saves Hinch from having to answer how he let Peacock walk three batters and hit a batter before he pulled him.  Well, he still has to explain it but at least we won"
@astros #ASTROSWIN ğŸ™ŒğŸ½ pic.twitter.com/a5QYJUJLyt
@astros This was a huge series win. Hopefully this gives the Astros the jolt they need to get back on track and run away with the division in the last month.
@astros Lol!!! Marwin is all business like ... pic.twitter.com/WZK3pUDu2T
@astros Me tryin to decide which one to use as my header pic.twitter.com/XZEwjIUDq8
@astros So good to see BMac back.
@astros  pic.twitter.com/y1xPWk4GAa
@astros  pic.twitter.com/tkHUtkvqbs
@astros McCannnnnn!!!!!!!
@astros No doubt they are back to back champs this season.
@MLB @astros  pic.twitter.com/Q1Mb4LEuKo
"@astros Lol, lot of baseball left for you gibronis to be called GOATS... Go back to back and then we will talk #RootedInOakland DONT CHOKE"
Legends. pic.twitter.com/FJeFODJk7H
@astros  pic.twitter.com/UCThcnNy2B
@astros give the photographer a pay raise
@astros GET OFF CORREAS BACK YALL GUNNA SENS HIM TO THE DL AGAIN
@MLB @astros What one World Series title in the history of the franchise will do lol jokes
@astros  https://twitter.com/AaronBurriesci/status/1034917606120030209Â â€¦
@astros still Astroing yâ€™all. #clutchcity
@astrosCTH @astros  pic.twitter.com/hankDUeIj5
@astros The best so far..............................to be continued .........In the playoffs!
@astros I saw the photographer take the shot. I was hoping to see his view.
@astros Whole lotta #Hoss
@astros @diaz_asa
"@astros Look at Altuve, im dead"
@astros In a world where the Joses are tall and the rest are not
@astros  pic.twitter.com/K6xAfGzPGK
@astros canâ€™t stop watching this. ğŸ§¡ğŸ’™ğŸ‘ŠğŸ»ğŸ’¥
@twhite409 @astros  pic.twitter.com/5QBbSzZd3B
@astros @Wertz53 familia ğŸ‘€
@astros ğŸ™ŒğŸ½ğŸ™ŒğŸ½ğŸ™ŒğŸ½
"@astros Walk off wins are fun to watch, period!!!!! #ASTROSWIN #NeverSettle"
@astros Ay can yâ€™all crop McCullers out? I want to like this picture :/
@astros DREAM CRUSHERS!!!!!#LFG
@astros Marwin wants none of it lol
@astros Priceless
@astros @cisco0602
"@astros Oh yeah, well we won the GCL today. Take that, @JustinVerlander! #tigers pic.twitter.com/MrpgDHdWae"
@astros E-P-I-C pic lol
@astros BIG PUDDIN!!! @twhite409
"@astros Wow! Thank you, Great White! pic.twitter.com/3R63xRWf08"
@astros Love it!!!!!!!!!!!!!!!!!!!!!!!
@astros @irol2006 watch at the end
@astros with the walk off HR
"@astros Tyler Shark, doo, doo, doo, doo-doo-doo"
"@astros Check out @tonykemp looking out for his teammates, swatting down the flying box."
@astros Wallpapered.
@astros SOMEONE GET US THAT @TherealAlexBDH PHOTO
I love @tonykemp protecting everybodyâ€™s head at the end. @astros #KempinAintEasy #walkoff https://twitter.com/astros/status/1034920642020298752Â â€¦
@astros The fact Altuve had to jump to get in this pic ğŸ˜‚
@astros @TherealAlexBDH ğŸ”¥ğŸ”¥ğŸ”¥ğŸ”¥
@astros Love this!!!!! #ASTROSWIN #NeverSettle
@astros For all the A's fan thinking  they were gonna take the 1st place from us in the series. pic.twitter.com/P0NqK4LMsJ
@astros Good series guys. See ya again in October ğŸ’šğŸ’› pic.twitter.com/m9BuAHWj05
@astros When we win the World Series again
@astros Lmao love it @iexitgracefully @ABREG_1
@astros To the Aâ€™s and other MLB teams... #NeverSettle pic.twitter.com/o14kEQ9lWn
@astros Thatâ€™s how heaven looks like â™¥ï¸â™¥ï¸â™¥ï¸
@JoseAltuve27 @astros We need the Whole Team to Show Up Every Day!ğŸ¤£ğŸ¤£ğŸ¤£
@astros GREAT HTOWN WIN!!!!!!! âš¾ï¸
@astros @jhubbit
@astros Favorite part of this was watching. Aj hinch pumped up! That guy loves winning.
@astros I love my team
@astros Did it hit that dude?
@astros that was MASSIVE. Thanks Tyler. ğŸš‚ğŸŠğŸ¦ˆğŸŠğŸ¦ˆğŸŠ
@astros Bbihiuu
@astros Beautiful. Amazing. Chose his pitch and didn't miss it.
@astros ğŸ˜­ğŸ˜­ğŸ˜­ğŸ˜­ğŸ˜­ğŸ˜­ğŸ˜­ğŸ˜­ğŸ˜­ğŸ˜­ğŸ˜­ğŸ¦ˆ
@astros I love Jose Altuve. Dude strikes out four times and is on top of the family photo ğŸ˜‚ğŸ˜‚
@twhite409 @astros Absolute pimp
@astros LMAO Tony saved him from getting decked by the water jug
@astros La pina knew right away. @el_yuly10
@astros Way to go Astros!!
@astros win!!! Walk-off!!! @twhite409!!! Boom!!! Let's go Astros! Let's go Astros! #Astros ğŸ’£ğŸ’¥ğŸ‘ŠğŸ‘ğŸ¤˜ğŸ™Œâš¾ï¸ğŸ†#Astros #NeverSettle #Walkoff pic.twitter.com/KGYW40xsFX
"@astros Ok Gattis, gotta fight for your position. Healthy competition. Go â€˜stros."
"@astros Bregman needs to hit homeruns bc it seems like his teammates donâ€™t bring him inâ€¦altuve,Correa and springerâ€¦Tyler White saved your asses! Nice win btw,well needed one at that."
@astros  pic.twitter.com/xWjQLE4CaO
"@astros Great walk-off Home Run by Tyler White, period!!!! #ASTROSWIN #NeverSettle"
@astros First
@astros    2 1/2  >  .5
@astros  pic.twitter.com/ffsKQWZefu
ğŸ—£ï¸ğŸ—£ï¸ğŸ—£ï¸ LET'S GOOOOO pic.twitter.com/DxJh9AsD8f
@astros I need a gif of the homeplate celebration please and thank you.
@astros AWESOME ğŸ‘ğŸ‘ğŸ‘ğŸ˜â€¼ï¸â€¼ï¸âš¾ï¸Love the Astros pic.twitter.com/wMBIH11e0D
@twhite409 @astros Unsung hero!
@astros To all the A's fan thinking they were gonna take 1st place from us in this series. pic.twitter.com/bHZzKukr1Z
@astros Congrats on that walk off pop up that somehow went out
@twhite409 @astros Beautiful!#NeverSettle
@twhite409 @astros He's AWESOME
@JoseAltuve27 @astros Yes. Great play. This is what he should of done last night. I think he had that in the back of his mind.
"@twhite409 @astros BEHOLD, THE SHARK OF GREAT WHITE!!!"
@twhite409 @astros He's just so beautiful!
@twhite409 @astros THIS MAN == ALW SAVIOR.  ALL HAIL DIVISION JESUS!!!
@astros #BigPuddin
@twhite409 @astros  pic.twitter.com/1vzKPB7o7o
@astros  pic.twitter.com/471mdTqRhb
@astros man great white shark is the man
@_Oscarrrrrrr_ @astros Oh I love it
@twhite409 @astros great picture. Just taking it all in.
@astros â€œWeâ€™re gonna need a bigger boatâ€ â€”â€” said the whole American League
@astros  pic.twitter.com/8NRhRyagX7
@astros That was so awesome
"@twhite409 @astros Video, stat!! I need to see this man in the moment!"
@astros That's a Puddin Pop baby... #BigPuddin
"@astros Congrats on a heck of a game & series. Always exciting to play the Astros! Now, Go A's beat Seattle!"
"@astros LESS SHARK TWEETING, MORE SHARK VIDEO EDITING & UPLOADING!!! ğŸ’¯"
@astros We need to see the pic the guys took by home plate
Still waiting on video but LOOK AT THIS MAN pic.twitter.com/p9nLxQV2hD
@astros Altuve struckout 4 times but he did get the first RBI.
@astros Everyone say thank you Tyler White!....thank you!!!
@astros Letâ€™s go!!! ğŸ¦ˆğŸ¦ˆğŸ¦ˆğŸ¦ˆğŸ¦ˆ
@astros  pic.twitter.com/kdbb3fqpFz
@astros I gotta see the walkoff home run photo behind home plate ASAP
@astros  pic.twitter.com/pa5sDOuc4I
@astros and this is what we call not being afraid of the moment. What a year for this guy. We need to keep him around.
@astros ğŸ¦ˆ
@astros @AstrosKhorah @Lissielys @AstrosAngel10 @AstrosRepeat18 @blummer27 @ItsAllAboutDe itâ€™s all about the Wâ€™s baby. Tyler the great White bites the Aâ€™s with a 9th inning walk off home run. #neversettle
@astros I called this.
@astros The celebration at home plate was everything!
@MLB @astros Run Orbit run! Lol
@astros @MLB is heartbroken right now
@astros #BigPudding
@astros Big Pudâ€™in !
"@astros 1% hit probably, t ball field"
"@astros and Osuna will get the win for only 14 pitches, another example of why pitching stats need to change. https://josephgonzales.com/rethinking-wins-losses-saves-determined-baseball/Â â€¦"
@astros@AstroSerena@Astroserena1@astroserenity@astroser@astroserf@AstroSerfGame@AstrosErinFanm @AstroSE@astroseph@AstroSep@AstroSehlvi@Astrosexologist@astrosexo@AstroSexoscopes@astrosex@2mh_ASTROSEXY@2mh_a@2mh_ann813@2MH_ATM@2mh_a23@2MH_@2MHXXPXT4@2ğŸ™‹â€â™‚ï¸ pic.twitter.com/aNPkkKgTV3
@astros ğŸ™„
"@astros so for everyone who is at work, can you please post a video of the walkoff?"
@astros ğŸ”¥ğŸ”¥ğŸ”¥ğŸ”¥ğŸ”¥
@astros His nickname is Big Puddin damn it
@astros Thatâ€™s a puddin pop! pic.twitter.com/9cQofp363J
@JoseAltuve27 @astros Tuuuuuuuveeeeeee!!!!
"@astros WTG â€˜Stros, had me suffering there."
@astros  pic.twitter.com/8mrRSEb3Zz
@astros Thansk for the pitching change ğŸ˜ pic.twitter.com/PULK7v5e62
@astros  pic.twitter.com/pcA3vHoFOF
"@astros Emerging star right at the time we need one.  Altuve and Correa do not seem well or don't have their timing yet.  Thank you, O Great White!!"
@astros thank you Tyler White for coming up huge!
@astros ITS FEEDING SEASON!!!
@astros White - W for WIN!!ğŸ˜ƒğŸ‘ğŸ»ğŸ™Œ
ğŸ¦ˆğŸ¦ˆğŸ¦ˆğŸ¦ˆğŸ¦ˆğŸ¦ˆğŸ¦ˆğŸ¦ˆğŸ¦ˆğŸ¦ˆğŸ¦ˆğŸ¦ˆğŸ¦ˆğŸ¦ˆğŸ¦ˆğŸ¦ˆğŸ¦ˆğŸ¦ˆğŸ¦ˆğŸ¦ˆğŸ¦ˆğŸ¦ˆğŸ¦ˆğŸ¦ˆğŸ¦ˆğŸ¦ˆğŸ¦ˆğŸ¦ˆğŸ¦ˆğŸ¦ˆğŸ¦ˆğŸ¦ˆğŸ¦ˆğŸ¦ˆğŸ¦ˆğŸ¦ˆğŸ¦ˆğŸ¦ˆğŸ¦ˆğŸ¦ˆğŸ¦ˆğŸ¦ˆğŸ¦ˆğŸ¦ˆğŸ¦ˆğŸ¦ˆğŸ¦ˆğŸ¦ˆğŸ¦ˆğŸ¦ˆğŸ¦ˆğŸ¦ˆğŸ¦ˆğŸ¦ˆğŸ¦ˆğŸ¦ˆğŸ¦ˆğŸ¦ˆğŸ¦ˆğŸ¦ˆğŸ¦ˆğŸ¦ˆğŸ¦ˆğŸ¦ˆğŸ¦ˆğŸ¦ˆğŸ¦ˆğŸ¦ˆğŸ¦ˆğŸ¦ˆğŸ¦ˆğŸ¦ˆğŸ¦ˆğŸ¦ˆğŸ¦ˆğŸ¦ˆğŸ¦ˆğŸ¦ˆğŸ¦ˆğŸ¦ˆğŸ¦ˆğŸ¦ˆğŸ¦ˆğŸ¦ˆğŸ¦ˆğŸ¦ˆğŸ¦ˆğŸ¦ˆğŸ¦ˆğŸ¦ˆğŸ¦ˆğŸ¦ˆğŸ¦ˆğŸ¦ˆğŸ¦ˆğŸ¦ˆğŸ¦ˆğŸ¦ˆğŸ¦ˆğŸ¦ˆğŸ¦ˆğŸ¦ˆğŸ¦ˆğŸ¦ˆğŸ¦ˆğŸ¦ˆğŸ¦ˆğŸ¦ˆğŸ¦ˆğŸ¦ˆğŸ¦ˆğŸ¦ˆğŸ¦ˆğŸ¦ˆğŸ¦ˆğŸ¦ˆğŸ¦ˆğŸ¦ˆğŸ¦ˆğŸ¦ˆğŸ¦ˆğŸ¦ˆğŸ¦ˆğŸ¦ˆğŸ¦ˆğŸ¦ˆğŸ¦ˆğŸ¦ˆğŸ¦ˆğŸ¦ˆğŸ¦ˆğŸ¦ˆğŸ¦ˆğŸ¦ˆğŸ¦ˆğŸ¦ˆğŸ¦ˆğŸ¦ˆğŸ¦ˆğŸ¦ˆ
@astros  pic.twitter.com/3NG1Q23T6O
@astros I told yall TW is an everyday now! Clutch!!!!
@astros  pic.twitter.com/V179eez2Qg
@astros DO NOT SEND HIM DOWN I SWEAR TO EVERYTHING IF YOU DO!
@astros Yeah buddy!
@astros Aâ€™s bullpen better minus Familia.ğŸ˜‚
@MLB @astros Thanks guys
@astros  pic.twitter.com/JluE8vbfoB
@astros Thank you JESUS
@astros @blummer27 @sportynory @LMac_1326 https://twitter.com/Redox_rules/status/1034918376215392256Â â€¦
@astros  pic.twitter.com/jZHiVIbMuW
@astros Hi my name's Tyler White.  Back home they call me great white and I hit dingers!
@astros  pic.twitter.com/xhr75c6K6D
@astros And the rally bird does it! pic.twitter.com/Z2OIAT3mQN
@astros  pic.twitter.com/EPuhaqSNqB
@astros #NeverSettle pic.twitter.com/S419636J21
"@astros What a game, and How Bout That Walk-Off Home Run by Tyler White!!! #ASTROSWIN #NeverSettle"
@astros mood. pic.twitter.com/kzGFqtyPlx
@astros @twhite409 woooooohoooooo!!!!!
@astros  pic.twitter.com/KL3PW5tBma
@astros Way to Go Great White!!
@astros  pic.twitter.com/XJqB58Pj1x
@astros #TylerWhite #WalkOff #GreatWhiteShark #NeverSettle
@astros ğŸ¦ˆğŸ¦ˆğŸ¦ˆğŸ¦ˆğŸ¦ˆğŸ¦ˆğŸ¦ˆğŸ¦ˆğŸ¦ˆğŸ¦ˆğŸ¦ˆğŸ¦ˆğŸ¦ˆğŸ¦ˆğŸ¦ˆğŸ¦ˆğŸ¦ˆğŸ¦ˆğŸ¦ˆğŸ¦ˆğŸ¦ˆğŸ¦ˆğŸ¦ˆğŸ¦ˆğŸ¦ˆğŸ¦ˆğŸ¦ˆğŸ¦ˆ
@astros THANK YOU Tyler White!!!!!!!!
@astros Tyler white with the walk-off HR...And it was a bomb... @houstonstyle #hsmsports #BigSargeSportz
@astros Tyler fucking White. Yo. lol
@astros Got home just in time to see it!!!!!!!!
@astros Letâ€™s Go Astros
@astros TYLER WHITE CAN HAVE MY CHILDREN
@astros  pic.twitter.com/R4A3FSJ481
@astros THE GREAT WHITE STRIKES AGAIN!!!!!! ASTROS WIN IT!!!!!
@astros  pic.twitter.com/tRDMRiPYVT
@astros #NeverSettle
@astros Give white correa contract. correa is ruined
@astros Oakland your window has closed!
@astros #tylerwhite letâ€™s gooooooo
@astros @Astros need a Sharkoff!
@astros wow most uneventful 9th inning a team can have whybis it Aâ€™s can put pressure on astros but astros just sit on their rings........ğŸ˜¡
@astros Hopefully we hit a home run if not we will lose in extras cuz our coach canâ€™t play basic baseball and everyone knows it
@astros Let's go Astro
"@astros Correa is overrated. Heâ€™s been awful. Swing at dumb pitches, but watches strikes."
@astros Showrea needs to show more
@astros Shark walks it off
@astros Everyone needs to channel @ABREG_1 !  Letâ€™s get this win in walk-off fashion!
@astros Osuna sure beat them good that inning ...oops
"@astros Yeah because management is trash, play small ball, avoid double plays advance players but nooooooo"
@astros If we lose itâ€™s on Altuve and Correa today. Beyond awful at the plate on big moments in this game
@JoseAltuve27 @astros #Astronomical
@JoseAltuve27 @MichaelBerrySho @astros The Shift put standard ground ball to 4 nearly out of reach.
@JoseAltuve27 @JavierRM1228 @astros Awesome
@JoseAltuve27 @astros Oh man. lol
@JoseAltuve27 @astros Letâ€™s go Astros!
@JoseAltuve27 Hahahahaha @astros tweeting about defense b/c thereâ€™s no offense to brag about.
@JoseAltuve27 @astros really don't care about his defense when he keeps striking out w/ RISP
@JoseAltuve27 @astros The offense ğŸ˜±ğŸ˜±
@JoseAltuve27 @astros Got him!
@astros Love him
@JoseAltuve27 @astros If only we could have hit into one Lesa double play before ABreg comes to bat. #stopdoingthat
"@astros The frustrating thing for me this season is free swinging, swinging at balls. It just leads to double plays and strikeouts. For example Kemp was just on first with zero outs, now thereâ€™s two outs with nobody on base."
@JoseAltuve27 @astros sow that was going to be a run thanks springer. Please hold someone reliable for this hitting
@JoseAltuve27 @astros Can Altuve be clutch for us again? We really need him to show up today
@JoseAltuve27 @astros freakin' double play AGAIN!
@JoseAltuve27 @astros Can we play small ball? Geez...
@astros Hinch needs an alarm clock to wake the f up...manage the game
@astros Another GOLDEN OPPORTUNITY with bases loaded SQUANDERED!
"@astros awesome, more runner left in scoring position ffs"
@astros wow a hitter in our line-up that didnâ€™t try to hit the ball out of the complex with the roof closed! Thatâ€™s called hitting
@astros What's up with Altuve and Springer??
@astros Yea we are losing this game
@astros This just isn't looking good even in a tie
@astros Thatâ€™s ok...we just suck right now
@astros Altuve and Correa are human windmills today.
@astros 4 hitter Correa whiffs also. What else is new! OVERRATED!
@astros Hard when the core hitters wonâ€™t hit.
@astros Hinch is too reactive...needs to be proactive
@astros Your pitcher gives up back to back walks in a 1 run game and you not only leave him in but he walks the bases loaded and you still leave him in and you only pull him after he hits a batter and forces a run in. In a 1 run game he should have been yanked after the 2nd walk.
@astros LET'S GO!!!!!ğŸ‘ğŸ‘ğŸ’¥ğŸ’¥ğŸ’¥
@astros Altuve should of just swung at ball 5.ğŸ˜‚ğŸ˜‚ğŸ˜‚
@astros Our 3 hitter with 4 whiffs today! And Correa is next. Oh brother!
@astros #NeverSettle pic.twitter.com/UaRTK36qsf
@astros Go 'Stros! Go!
@astros Why the hell is Sipp even an option to pitch.  He is almost as bad as Harris.  Giving up runs always
@astros Why should Altuve have a such a small strike zone?   In a few years ooompa loompas will dominate mlb
@astros Hate having to get a run back when it was a pure gift.
@astros Or two or three
@astros Letâ€™s not leave a guy in when he walks 2 in a row!?
@astros AJ Hinch ties it up at 4 with Peacock! Great job!
@astros These announcers are horrible!  No replay on Piscotti getting hit on hand?   Or even a mention.
@ABREG_1 @astros MVP Alex Bregman
@astros Great catch Springer
@astros Awesome LSU ğŸ… . Very proud.
@astros Hinch is blowing this game. Only everybody in the world (except Hinch) knew early on that Peacock was awful today.
@astros Hinch always takes too long to take a pitcher out
@astros AJ HINCH! Waits until THEY TIE IT UP to change out Peacock. This team just doesn't look they want this game bad enough today. Make that last and tonight. Squandered scoring opportunities! Pitching giving up too many runs.
@astros Try 4-4 now and Peacock has now walked or hit 4 straight batters. Nice clutch pitching there. This Houston team doesnâ€™t have the fortitude it did last year. Itâ€™s so lame how teams rest on their laurels and get complacent after winning a title as opposed to gunning for more.
@astros up by 1 late and you let your reliever walk 3 and hit one to tie the game! Thatâ€™s a fucking managerial masterpiece! Well done dumbass!
@astros fuck peacock and fuck Hinch's dumbass for leaving him in to give up the game
@astros bullpen strikes again. Awesome.
@astros   Too Damn Late AJ
@astros @Astros should have left @kidkeuchy in for one more
"@astros here comes the bullpen collapse, should have blown this game open, too many missed opportunities on offense"
@astros @Astros shouldnâ€™t that be 3 strikes on Lowrie? pic.twitter.com/067eZPMgds
"@astros #SPRINGERDINGER  great job, George!ğŸ‘ğŸ¼ğŸ‘ğŸ»"
@astros Letâ€™s go @Athletics
"@astros Correa ,Altuve and Guerrriel are really sucking lately! Whatâ€™s wrong with them? Did anyone tell them we are in a division race?"
@astros Any thoughts on how early I should show up to actually get one?
"@astros ALEX I fell ya brother. Bring it on Yanks!Bring it on Boston! I can hardly contain the excitement and we're not even full strength yet. This post season has the potential to top last season, which to me was the most exciting I'd ever been apart of. BRING IT! #NeverSettle"
@astros Canâ€™t believe Altuve and Correa both choked!  How is that possible?!  That is NOT championship baseball!
@astros Gotta hold the lead
@astros Bregman remember him the other allstar for the Stros.Who wants some? Bring it Boston! Bring it Yanks! We're not even at our best yet. Just wait you'll find out very soon!ğŸ˜‰ #NeverSettle https://twitter.com/astros/status/1034889193409982464Â â€¦
"@astros man we do all the little things at home to lose 1-2 run ball games. DP, Altuve and Correa looking at strikes down the middle, Dallas throwing meatballs, and reflief pitching giving up the lead......hang out to a lead for once stros"
@astros We probably will regret that one.  Can't play around with the A's.  The rest of the line up needs Bregs plate discipline to make shit happen in the future.
@astros Good job Bregman! Too bad there's nothing happening after him today. CORREA SUCKS in the Cleanup spot.
@astros The 2 behind Bregman follow with shit.ğŸ˜‚ğŸ˜‚ğŸ˜‚
@astros And altuve and Correa k...ğŸ˜«
"@astros more wasted opportunities, unacceptable for our 3/4 hitter to do nothing with the bases loaded and allowing Oakland to stay in this game"
"@astros And with bases loaded 1 out you canâ€™t do a single thing further. How bout putting the game out of reach and just sitting back and enjoying the win?? No, youâ€™d rather keep it a one run game. The Aâ€™s just flat out have more heart than you do. Canâ€™t deny it."
@astros wow altuve and correa holding this team down i kniw altuve has hits but selfish at bats when we need them to come through.....
@astros Altuve with another Whiff with RISP! Now Correa will probably Whiff also. I hope I'm wrong!
"@astros come on Jose, can't strike out with the bases loaded man"
@astros MVP ğŸ˜‰ğŸ˜ pic.twitter.com/2fQu6UTWVu
@astros They scared of the man
@astros Bregman has become our second best player easily. His poise and ability to remain calm/slow things down in huge situations is unbelievable
Bregman follows with a bases-loaded walk! 4-3 #Astros! pic.twitter.com/T0CJapjsWM
@astros C'mon Bregman!
@astros Please letâ€™s win this guys
@astros Ta daaaa
@astros Birthday Gift #30For30 pic.twitter.com/ewyKeciC57
@astros  pic.twitter.com/nWp8oEUMSO
@astros I miss when Keuchel was virtually unbeatable at home ğŸ˜”
@astros Get something  going lets win this Series   come on now all the Fans Need a win all Games
@astros Kuechel fast ball is 89 mph. Thatâ€™s going to get lit up every time. Heâ€™s not the same as last year
"@astros At this moment,Dallas has to be a little frustrated. Altuve misplaying that ball with that shift and Kemp not hanging on to that ball,two outs right there."
@astros Correa needs to sit out a few games and think ğŸ¤” about it.
@astros It sucks all the hitters regressed this year except for like 3.
@astros Remind me again why they traded Laureano.
@astros The league has figured out dallas. He does not get low calls anore and his 90 mph fastball is AAA level. Smh starting pitchig gased now and our bipolar offense is going to lose another 1 run game
@astros yâ€™all bullshittin too @kidkeuchy bro wtf you acting like oprah.. â€œdoubles for everybodyâ€ cmon man give your team a chance
"@astros Fucking Kuechel throwing BP out there, this game is over, way to not take care of business at home, AGAIN"
@astros Lets get some runs back!
@astros can yâ€™all do this one time for us please lol https://twitter.com/asap_sportsnews/status/1034629475034644480Â â€¦
@astros account tweeted that 2-0 score and been radio silent since. I shouldâ€™ve known..smh
@astros What's shameful is that no one fears them at home.
@astros So...is the offense done for today?
@astros Each starter is good for giving up about 5 runs a night.  If this don't tighten up it's a wrap.
@astros God Dallas Keuchel is totally worthless. The astros are showing that they donâ€™t have quite the heart the Aâ€™s do. Pretty pathetic to watch defending champs just get punked on their home turf. This game is already over. The Astros wonâ€™t be coming back today. Oakland wants it more.
@astros I see Kuechel is at his normal routine of giving away our leads
@astros yâ€™all better get that pitcher outta there before itâ€™s too late ğŸ¤¦ğŸ¾â€â™‚ï¸
@astros #pos gave it up
@astros no more showboating
@astros @RealToddKalas That ball hit that A in the foot off first base. WTH! No review?!?!?!
"@astros @Astros that was a great catch - we canâ€™t see a replay? Yes, against us but would like to see it again....."
@astros from the day she was born meeting orbit to today #firstgame #houstonastros pic.twitter.com/VLTzwD4fCP
@astros pic.twitter.com/PmDmR3vKq3
@astros addys first baseball game! pic.twitter.com/SvmUpsZXJ5
@astros Bregman is a MVP. HE isan ALLğŸ’¥STAR!
@SportsTalk790 @ATTSportsNetSW @astros Rock the House! !
@astros Woop woop
"@astros ffs another damn double play, wasted opportunity to blow the game wide open"
@astros Correa what?!?!
"@astros up earlier! Let's go  Astros! #astros #neversettle @ Houston, Texas  https://www.instagram.com/p/BnEqjaHnK8FHMoS0VIlLjLOTmu2vMHm9BUCrSY0/?utm_source=ig_twitter_share&igshid=gxai20j6230eÂ â€¦"
@astros  great day to play hooky !!! GO Stros!!! @bitsyamy #NeverSettle #lovetheAstros #WednesdayMotivation pic.twitter.com/2Ok8EivbG4
@astros @TeamCJCorrea pic.twitter.com/kUf5nviMnf
@astros Better not have many likes...according to the masses this guy sucks
@astros  pic.twitter.com/xDNYccVVh1
@astros Great day for an ASTROS ball game!!!! #astrostwitter #HoustonStrong #BaseBall #NeverSettle #playinghooky pic.twitter.com/GH73jx9XTJ
Bregman scores on a Correa sac fly! 2-0!
@astros Letâ€™s go ahead and score 20
@astros @ABREG_1 and that's the way you play small ball!!  Keep it going guys - great start!
@astros Thank you for letting me know just change the channel come on out through that knock it out the park
@astros #neversettle any chance keuchel doesn't give up some early inning runs???? PLEASE! pic.twitter.com/El0Y2o73xa
@astros #NeverSettle #back2back https://twitter.com/yoitskenneth/status/1034503622594318337Â â€¦
@astros You employ a wife beater
@astros  https://www.facebook.com/Precinct4/videos/222225025312501/Â â€¦
@astros https://twitter.com/MLBNetwork/status/1034859671574781952Â â€¦
@MLB @astros NICE! Congrats from an Angels fan.â™¥ï¸â™¥ï¸â™¥ï¸â™¥ï¸
@MLB @astros @ABREG_1  youâ€™ve got a fan in #bravescountry.
@astros #ForeverLSU @ABREG_1 Awesome job! #AutismAwareness
@astros Heâ€™s the best!
"@astros Come at me when Correa smokes it...he had more hits yesterday than Altuve, Margo and Gurriel combined.  Stop the hate!"
@AstrosTrainGuy @astros Correa needs to be moved to 6 spot.  White should be clean up followed Yuli
"@FITTEAMBallpark @kidagreen @astros I haven't decided if I'm gonna be an Astros fan in 2019 yet, gotta see if we win the World Series again."
@astros Hanging out with my Best Friend again today pic.twitter.com/bKLOnIB41D
"@astros @RealJoshReddick  should lead off, bat first!!"
@FITTEAMBallpark @astros See y'all there with another world series trophy!
@astros @ajhinch Correa in cleanup hasn't really gone that way yet in 2018. Why have a 250 hitter batting cleanup? I guess we have to give the A's an out somewhere in the lineup. And Gurriel is in the 6 spot? Should be 1.Springer 2.Breg 3.Altuve 4.White 5.Yuli 6.Correa hot bats move up
@SportsTalk790 @ATTSportsNetSW @astros ğŸ¤˜ğŸ¤˜ğŸ¤˜ğŸ¤˜ğŸ¤˜ğŸ¤˜ğŸ¤˜ğŸ¤˜ğŸ¤˜ğŸ¤˜ğŸ¤˜ğŸ¤˜ğŸ¤˜ğŸ¤˜ğŸ¤˜
@astros Get Correa out of the cleanup spot!
"@JustinVerlander @astros Congrats Justin, I watched you pitch at ODU.....awesome son."
@astros Correa at cleanup pic.twitter.com/zrgU6mXVOf
@astros Just don't think Correa should be batting cleanup especially now!!!!SMDH
@astros @ABREG_1 is this true? I have not seen/heard anything from y'all about this? pic.twitter.com/rIJzvzzzS9
@astros Businessman's Special Wednesday.
@astros Your turn to win guys! Go get them!ğŸ¥‡âš¾ï¸
@astros It really boiled down to the 8th inning after Bregman hit Altuve and Correa couldnâ€™t produce.  Frustrating as it happened all game practically.  Today is a new day. Go Stros
@astros Great defense! Just need him to get out of his own head and play some offense!! Need a #SpringerDinger soon!!!
@astros #NeverSettle
@ChampionEnergy @astros What would it cost to say presented by me?
@astros Go Stros!
@astros DĞ¾ you wĞ°nnĞ° Ñ€lĞ°y with mĞµ? I'm waiting fĞ¾r yĞ¾u herĞµ >>>  http://dating4xxx.ml/love/?money=astrosÂ â€¦ ğŸ‘ˆ ğŸ˜ ğŸ“ ğŸ‘ 
@astros @ColumbusTrey gonna be a good day#Kempinainteasy
@astros Big pudding !
@KPRC2AdamW @astros #NeverMakeAnOutRunningTheBasesAtThirdBase
@astros Kemp is the spark plug we need.
@astros We better donâ€™t screw this up today...!
"@astros Some damn good hitters in their lineup. Excellent pitching, superb fielding that play consistent baseball. Just wish the @Mariners would take heed!"
@astros Great
@astros Do not lose today.
@astros @LACK927 @JazDjJazzyJ
@astros Love @ABREG_1  keep up the awesome job
@astros get Springer to stop with hot dog one man show crap. Letâ€™s play team baseball.
@astros Watch 2-year-oldâ€™s attitude do a 180 when she meets @astrosorbit Orbit last night. pic.twitter.com/0EffA4b7Wi
@CocaCola @astros hey @TyMo214 check out your boy Maxwell
@astros This was a game we should and could have won
@astros @SydneyWestbrook
"@astros Uhh, no."
"@ABREG_1 @astros Love how he brings baseball alive. Whether itâ€™s his strong moves on the field or his crazy antics in the dugout. He makes the game fun to watch. They all do, I have never seen a team that seems more like a group of kids just hanging out and having fun playing ball! âš¾ï¸"
@astros game last night was fun even though we didnâ€™t get the W pic.twitter.com/5ku94N9xOE
@astros So glad I stayed up for this - said no Astros fan ever
@ABREG_1 @astros Yes! Got mine orderedâ¤ï¸âš¾ï¸â¤ï¸
"@twhite409 @astros How 'bout 'dem 'Stros, ya'll!"
@MLB @astros Baseball and gymnastics go together right!
@astros Not in our house!!! pic.twitter.com/KDLPwBP1DF
@astros Letâ€™s get â€˜em bak on the next one gentlemen ğŸ’ªğŸ’ªğŸ’ª
"@astros Hey, I like A.J., but someone needs to tell him that Rondon needs to be our closer, like you know, he WAS. As for Osuna, if you're going to be given an undeserved second chance, you pretty much need to be perfect."
@astros Hope someone bets money on the A's to throw tomorrow's game away!
@astros Easy like
@astros Charlie Morton was pitiful last night
@astros Tomorrow is a new  http://ballgame.NowÂ  go and win the series.
"@astros Couldn't afford an L against the second place team in your division, especially at this point in the season. Let's brush this off and win the rubber game tomorrow."
@astros Losing time!
@astros The Big Als should meet each other.
@astros  pic.twitter.com/gxhG3euO3q
@astros Go get 'em tomorrow Stros!!!ğŸ’¥
@astros Why does the Astros manager refuse to utilize Osuna as a closer by putting him in with a lead?
"@astros Good effort. its a new day :), RKL"
@astros Ya lo extraÃ±aba ğŸ˜
@astros @floggingmolly #rings #2018repeat. pic.twitter.com/Qrzz3H0HWa
@astros  pic.twitter.com/7Bo9kS7TQ3
@astros  pic.twitter.com/A92wIfx7R2
@astros Jake and McCain please back in the line up I have been asking for  3 days now ğŸ˜¬ğŸ˜¬
@astros Darn it Morton ğŸ˜ 
@astros We should have won this game. ğŸ˜«ğŸ˜’ pic.twitter.com/cvHV6ne0i6
@astros I wonder if Correa knows he's allowed to swing at pitches over the heart of the plate.
@astros Do the doors open at 11:30 tomorrow?
@astros 2017 was the year.
@astros Poll https://twitter.com/h_town__sports/status/1034646826782257154?s=21Â â€¦
"@astros Astros had their chances,we are looking at youâ€¦springer,altuve and Correa.Not going to complain too much bc the Astros were riding a 6 game winning streak,canâ€™t win them all,but I am hoping they win this series.Lets go Astros!"
@astros God damn
@astros Still the best team in the league.
@astros Pretty typical the Stros only score 3 after scoring 11 the game before.
"@astros Lord Almighty, that smelled in the bottom of the 8th...."
@astros Weâ€™ll get em tomorrow.
@astros  pic.twitter.com/kW8cMPgVeu
@astros Good job Stros! Way to keep the A's division champs hopes alive.
"@astros @Astros @OrbitAstros We are leaving with a loss and a happy, cute baby!! The latter makes me happier ğŸ˜ pic.twitter.com/vL1ucUqjcn"
"@astros Osuna isn't much better than Giles. Potential rally in the 8th killer by Springer getting greedy, Altuve and Correa whiffing. Correa is overrated at the plate. Strikes out way too much in big moments. White would have been better in the 4 spot the way he's been hitting."
"@astros Giles got his 18th save 2 days ago. Also, he only punches himself."
@astros Just 1 game. Lace em up tomorrow and getâ€™erdone
@astros Osuna will have to flee when he meets me. pic.twitter.com/ullZZ1IyY6
@astros YES
@astros GGs. Ya'll played hard!
@astros Is Hinch experimenting with the bullpen? They can throw more than 10 pitches. Hope he gets it figured out...go stros
@astros a lot of selfish play - and quit taking gurriel out of the line up no more rest for the main players
@astros No worries @Athletics wonâ€™t win the division with that trash starting pitching rotation.
@astros  pic.twitter.com/pJQgzKwrUK
"@astros Need Correa to be the RBI machine we all think he can be.  Heâ€™s waaayyy to timid for batting with RISP, while Altuveâ€™s never met a first pitch he doesnâ€™t like."
@astros Someone call Osunaâ€™s significant other and let her know he blew the save.
"@astros Love this team, just hurts when we canâ€™t play up to our level. We seem to drop a level when playing division rivals lately. Letâ€™s forget this one and try to win the series"
@astros why are other teams smarter than Astros - the guy threw out someone this year from the center field wall to first do not go stringer
@astros #RootedInOakland pic.twitter.com/M1Gi5bWIXr
"@astros Springer, Altuve, and Correa have to be better than they were tonight in the 8th inning."
@astros Itâ€™s ridiculous that 3 of the 4 runs came off of a couple of walks and HBP
"@astros Not good, #NeverSettle. #Astros pic.twitter.com/E6Uuaojg2F"
@astros My fault guys I came to the game. Astros are 0-2 when I come I wonâ€™t come to anymore my apologies
@astros They only won by one. And it was on a ground rule double. Relax. Tomorrow's gonna be here before we know it.
@astros I identify this as a win.
@astros â€œNever make the first or last out at 3rd baseâ€ -my little league coach
@astros Cfm is falling off anybody else think so?
"@astros yo, can you follow me back real quick so i can dm you a question?"
@astros The Aâ€™s are 27-10 in one-run games. Theyâ€™re 1-0 in games where fly balls get lodged in rafters
@astros  pic.twitter.com/ZKBsbhwrD4
@astros BUMS.
@astros Frustrating loss this evening!
@astros Don't run on Razor Ramon laureano. Ever. #RootedInOakland
@astros  pic.twitter.com/PSVlfKa2vX
@astros Imagine if Springer stayed on 2nd and Correa drilled that fastball down the middle.
@astros â˜¹ï¸. Drat!  Go Astros!
@astros  pic.twitter.com/wktrInsWkP
@astros Suck it @lastros
@astros Lesson learned hopefully: donâ€™t make an out at 3rd base especially late. Base running blunder cost us the game
@astros Good game though y'all will get them next time keep your head up #NeverSettle
"@astros I stand by what I said earlier. Correa should have stayed at CC. He had horrible ABs there during his rehab, and they rushed him back anyway."
@astros :(
@astros Worse thing to happen in the city of Houston this time of year in recent memory tbh
@astros Still in the division lead
@astros Smh. pic.twitter.com/RoRfAYPtlK
@astros ğŸ’©
@astros Not gonna cut it.
@astros Why
"@astros Trade me for Correa, I stare to middle balls too"
@astros No worries
@astros. On the rocks. #Martini #RootedInOakland @Athletics @martini https://twitter.com/Athletics/status/1034641356101115904Â â€¦
"@astros Springer, Altuve & Correa gave it away in the 8th. Go figure ğŸ¤·â€â™‚ï¸"
@astros Fckn chokes
"@astros watch strikes swing at balls, poor effort tonight"
Come on @astros ! We Mariners fans need yeah.
@astros  pic.twitter.com/gaBTTbc77m
@astros Stupid base running killed the 8th.
@astros Great white. Walkoff
@astros Astros will be swinging at anything. Only the Aâ€™s can beat themselves.
@astros Shouldnâ€™t have run to third on Bregmanâ€™s single. Never make an out at 3rd
@astros Welp.
@astros No hope.
@astros Gonna lose cause Correa forgot how to swing a bat on 2 perfect strikes down the middle. Amazing.
@astros We had our chances.
"@astros I miss Giles, he was clutch"
@astros Two run homer incoming?
@astros Worthless ass osuna blows the game. Beat his wife harder than hitting the zone
"@astros 4 pitch walk to bottom of lineup, just give it away osuna"
@astros 3 and @Athletics 4. They are going at it tonight. Top of the 9th. Great playing from both sides. #P2OM
@ABREG_1 @astros This wife beater was the only thing available?
@astros @JoseAltuve27 @GeorgeSpringer @ajhinch here @oakhillslions we celebrate Homers and Hundreds. https://twitter.com/oakhillslions/status/1034433980743995392Â â€¦
@astros Thatâ€™s funny!
@astros Happy Birthday!
@astros Well...that was anticlimactic
@astros @ATTSportsNetSW Correa has to swing the bat. Heâ€™s to big a guy in our line up to watch 2 called strikes. So the Red Sox and Yankees are just going to throw only sliders and cut fast balls for an entire series?  What is going on with us right now?
@astros Correa what the hell are you looking at ?
"@astros Correa is pathetic at plate. Fastball, center cut, called 3rd strike. Pitiful. He needs to sit.."
@astros Please tell Correa he is allowed to swing the bat!
@astros Â¡Plis! Â¡Necesitamos ganar!
@astros #StroStare pic.twitter.com/Apjv09775d
@astros Donâ€™t test the arm of Laureano
@astros They're gonna unload in this 8th inning
@astros Astros wanting 6 others due up too
@astros #strostare
@astros Donâ€™t choke
@astros @Athletics LETS GO STROS!
@astros Can we actually take the lead? Please prove me wrong.
@astros LOve ya astros!!  And you too Astros.
@astros Time to score fellas #GoStros
@astros Nobody cares! Show us that ball in the roof instead
@astros Good!!!!!!!!
@astros play by play guys on @attsportsnet are a whiny bunch...
@astros Letâ€™s go stros ğŸ—£ğŸ—£
@astros Never Settle ğŸ”¥ğŸ”¥ğŸ”¥
@twhite409 @astros This guys beard looks really good.
@astros How do you not love @ABREG_1 ?
@astros  pic.twitter.com/eegnkyofPv
@astros Gotta love it!!
@astros LSU
@ABREG_1 @astros #GeauxAstreauxs
@astros  pic.twitter.com/8HSUnGEKJH
@astros Letâ€™s get this one boys!
@astros Go guys!
@astros  pic.twitter.com/vRRHtJHEKN
@astros Watch them bats come alive this inning
@astros i swear iâ€™ll never NOT rt this gif
@astros He's a Bad dude
@astros  pic.twitter.com/jUSbB97Mms
@astros @rarebreed56 ain't it crazy how I called this. Breggy got fans galore now. This my dawg!
ğŸ’¥ğŸ’¥ğŸ’¥#NeverSettle pic.twitter.com/WX9mTFCwGo
@ABREG_1 @astros ğŸ”ŠğŸ”ŠğŸ”ŠğŸ”Šâš¾ï¸ @ShaniaTwain #NeverSettle pic.twitter.com/SgkxnaEHjw
@astros LOVE MY ASTROS.... Never Settle ğŸ‘Œâš¾ï¸âš¾ï¸âš¾ï¸âš¾ï¸âš¾ï¸âš¾ï¸âš¾ï¸âš¾ï¸âš¾ï¸âš¾ï¸âš¾ï¸âš¾ï¸âš¾ï¸
@astros Way to go Bregman!!!
@ABREG_1 @astros ğŸ™ŒğŸ½ pic.twitter.com/JSbhwRheBh
@astros #NeverSettle
@astros #FaceOfBaseball
@ABREG_1 @astros  pic.twitter.com/w5DDtzMD0Y
@ABREG_1 @astros  http://Mlb.tvÂ  totally running this rally for me ğŸ˜¡ğŸ˜¡
"@ABREG_1 @astros So impressed with this guy.  Heart and soul of the team.  I know I know others too, but heâ€™s so clutch time and time again."
"@ABREG_1 @astros Atta boy, Bregman!!!"
@ABREG_1 @astros DREAM CRUSHIN
@twhite409 @astros Catch Boston Guys.  Everyone will be against you if you don't I think.  You know Yankee teams are always touted.  Even Golden State .  Yankee bastardos as we say in Norte Mexico.
@ABREG_1 @astros ğŸ”¥
@ABREG_1 @astros GEAUX BREGMAN
@ABREG_1 @astros 2018 al mvp
@ABREG_1 @astros BIG DICK BREGMAN
@astros Who would you rather have at the plate with bases loaded and two outs than @ABREG_1 ? Answer: Nobody.
@astros Let's Geaux Stros!
@astros Bregman!!!
@astros Aww. Iâ€™m still upset that this cutie ignored my granddaughters hello and wanted shake his hand orbit pushed his way out hurt her feelings : sorry orbit I love â¤ï¸. My granbaby too can u apologize and run bases for her lol. We still love orbit
"@astros @ABREG_1 @ATTSportsNetSW @JuliaMorales @RealToddKalas @blummer27 Oh, come on! You cut to commercial before the stare! #ABregmanstarechallenge"
@astros YES!
@astros My favorite part of this scream is everyone else acting like thereâ€™s nothing going on.
@astros Can Altuve ever take a pitch?
@astros You almost knew when he was coming to the plate it was DOUBLE time.
@astros  pic.twitter.com/l46AnWxhW1
@astros @ABREG_1 pic.twitter.com/cGVb4Yyotu
@astros Did y'all find out what the hand gestures are... DRIVING THAT BALL?  MILKING THAT COW?
@astros @ATTSportsNetSW @RealToddKalas @MikeStanton29 What are the players doing after they get on base?
@astros  pic.twitter.com/rCEJbvnK5Y
@astros ğŸ”¥ğŸ”¥ğŸ”¥
@astros Bregman - Future ğŸ ğŸ‘‡ pic.twitter.com/Jdi001vzAy
@astros that man doesn't need salsa. He's just all natural fire.
@astros @ABREG_1 @JuliaMorales @blummer27 @RealToddKalas @RealJoshReddick Astros Mojo!!! WooHoo!!!
@astros *Big Dick BregmanğŸ’ªğŸ»ğŸ’ªğŸ»
@astros Frozen rope
@astros ICE IN HIS VAINS
@astros Bregman ainâ€™t easy pic.twitter.com/RjzZDpRBYx â€“ at Minute Maid Park
@astros #Astronomical
@astros CLUTCHMAN!!!!!!
@astros @AstrosNation713 @blummer27 @ajhinch @ABREG_1 @KaciMoser Alex Bregman new nickname #bigbatbregman make it go viral
@astros Power up! pic.twitter.com/9dVfcef6YJ
@astros  pic.twitter.com/DZzr9h3b1s
@astros HE DID THE THING
@astros pic.twitter.com/E5nPVcTRBK
@astros  pic.twitter.com/4E3HOhtMd0
@astros HOW CAN YOU NOT LOVE THE MAN
@astros BEST PLAYER IN BASEBALL RIGHT NOW
@astros @ABREG_1 ! !!!!!
BIG GAME BREGS.Double down the line ties the game at 3! #NeverSettle pic.twitter.com/hGHc2l6NWn
@astros Bregman better back that look up of his.
@astros C'mon!
@astros Make Big Al proud!
@astros good things are about to happen. very good things.
@astros Bring it Breggy!!!
@astros Supreme Stare coming up
@astros ğŸ˜³ğŸ˜œğŸ‘ğŸ¼
@astros  pic.twitter.com/MB1Oos7FF7
@MLB @astros Springer is Da Man!
@astros Astros will take 7 more of those this inning.
@twhite409 @astros He hit!! Letâ€™s gooooo!!
@astros Goat
with a single on the first pitch ğŸ™Œ
@astros @JuliaMorales @blummer27 @RealToddKalas can someone please crack the code that explains the milking the cow motion theyâ€™re making when they get on base!!! Itâ€™s driving me insane
@astros @cchooks one/both of y'all should do a Grateful Dead night at the ballpark
@astros This offense is wild.  lol  Lights on lights off.
@astros @ATTSportsNetSW Nobody has more fun than our organization! pic.twitter.com/A48fjmHGuH
@astros I have to know. Whatâ€™s the deal with the BB throwing every missed hit to the bald man behind the dugout? By the way..were having a blast #gostros âš¾ï¸
@astros ğŸ‘€ğŸ‘€ğŸ‘€ğŸ‘€ğŸ‘€
@astros @ATTSportsNetSW @RealToddKalas named our baby Houston. #worldseriesbaby #TwitterTuesday pic.twitter.com/XbuBpdyH4J
@astros This guy covering for blummer sounds like a used car salesmen.
@astros Letâ€™s go Astros letâ€™s kick some booty
@astros Lets win all Games Come on now #NeverSettle
"@astros We were down 0-4 this time last game, weâ€™ve got this."
"@astros Can we stop using Morton against these shit biscuits? Heâ€™s a good pitcher, but the Aâ€™s turds have his number."
@astros Next Lowery bats donâ€™t pitch around him.
@astros Charlie Morton is a scrub just so u know. How many guys he gonna go 0-2 count just to have the batter work into a full count. He pitches himself into trouble!! SMH
@astros Basically lol pic.twitter.com/GGVkfxlEcZ
@astros Ahh I miss the first half #CFM
@astros @JuliaMorales where is the @blummer27  on tonightâ€™s telecast?
@astros @JuliaMorales @blummer27 Will we ever learn that the promotional innings have killed us just about every time they happen this year? We love the Astros and a commercial between innings is all we need to decide whether a promotion is what will drive us to show up to MMP.
@astros @ABREG_1 pic.twitter.com/JzXwsB8MQi
@astros @AstrosOptimism ASTROS SUCK
@astros He such a bad azz he sent it back to the batter Impressed I am
@astros Oh my!
@astros He looks so excited.
"@astros We all want to know, What is this? Driving, milking or something else? pic.twitter.com/o6NsN1fYef"
@astros Because CFM! pic.twitter.com/i4SVDsDnkP
@astros why canâ€™t Charlie Morton put hitters away anymore?
@astros and here comes the Morton Meltdown
@astros  https://wp.me/p9RpBo-gmÂ 
@astros Yeah but how about do the Mariners a solid ğŸ˜’
@astros @ATTSportsNetSW @MikeStanton29 3 innings in a row uncle Charlie has walked a batter with 2 outs. Thatâ€™s a concentration problem in my mind. You can NOT walk hitters in MLB or it will bite you in the butt. Just like that. #StopItCharlie
@astros 3--1 boys. Eat it!! ğŸ˜‚ğŸ˜‚ğŸ–•ğŸ–•
@astros Not a good Morton game sadly
@astros Lol
@astros  https://sitarsports.wordpress.com/2018/08/28/usain-bolt-to-make-central-coast-mariners-debut-in-friendly/Â â€¦
@astros  https://sitarsports.wordpress.com/2018/08/28/usain-bolt-to-make-central-coast-mariners-debut-in-friendly/Â â€¦
"@astros @RealToddKalas @blummer27 @JuliaMorales @ATTSportsNetSW Springer shark, doo...doot...dootSpringer shark doot...do...do...doSpringer shark doot...doot..do..doSPRINGER SHARK!  Bourbon Bar, third base side, Honda Club Level...will be doing the Springer Shark dance ğŸ¤£"
@astros Please donâ€™t be hurt.
@astros @ATTSportsNetSW Nothing like being here live! pic.twitter.com/KT3FW7Jn3T
@astros you have the worldâ€™s stupidest concessions.
"@astros have a â€œbring your dog to the fieldâ€ day, talk about a great idea"
@astros Streaking through the quad (discomfort) - credit @SteveSparks37 #AstrosRadio
@astros Sergio Mitre better
"@astros Yankees fans: ""RoBisOn BeTtEr"""
@astros  pic.twitter.com/NCh4t3XWIA
@astros Ready to win! pic.twitter.com/xVKeRxm8wW
@astros Keep em cominâ€™
He did it again. #SuperSpringer pic.twitter.com/GJwyoYFEwH
@astros #bigpuddin
@astros  pic.twitter.com/CXiJ50iLzz
@astros  pic.twitter.com/AY9KGpdW7d
@astros We need to talk about you stealing our #NeverSettle hashtag. Can we at least add a ğŸ to the end of it?
@astros Ice that man has running in his veins. Impeccable catch!
@astros Super!!
@astros I'm literally just squinting my eyes thinking please don't get hurt please don't get hurt... Gotta love Springer!!!
@MLB @astros GOAT
@astros shane robinson better
@astros Whats up with the cow milking sign after a batter hits? what is that?? ;))
@astros @RealToddKalas I love to watch these Astros have fun but I do miss the days of watching the Conger-bot! https://goo.gl/images/wZB6WCÂ 
@astros won't be no-hit tonight
@astros Was that a Springer Dinger? I think so. Good to have you back!
@MLB @astros Not gonna lie on the rewind I thought he was crumbling to the ground in pain. Thanks for the heart attack. Needed that.
@astros #EarnIt #Legends https://twitter.com/astros/status/1032406969007661057Â â€¦
@astros shane robinson better
@astros Awesome
@astros That rewind made me think he was rolling in pain and injured again
@astros Let's go!!!
@astros @RealToddKalas @JuliaMorales Did we ever find out what the driving motion the players are making means???
@astros #NeverSettle
@astros @RealToddKalas @ATTSportsNetSW This is why I love this team. Not just the stare. But the was you can tell they love what they do and respect each other. I also love watching AJ try to not laugh at them. pic.twitter.com/udmGzTki5p
@astros Come on now Lets get some Hits
"@astros @ATTSportsNetSW @RealToddKalas @MikeStanton29 These guys seem to have a real family mentality... I remember playing with my friends and brothers, was always fun!"
"@astros Loveâ¤ï¸â¤ï¸â¤ï¸â¤ï¸this team.  The more fun they have, the more fun they are to watch!!!"
@astros Got 3
@astros #NeverSettle
@astros #Astros âš¾ï¸ https://twitter.com/lawteachertx/status/1034510832678432768Â â€¦
@astros That is so funny
@astros  https://sitarsports.wordpress.com/2018/08/25/la-liga-plan-to-play-game-in-us-will-not-happen-real-madrid-boss-lopetegui/Â â€¦
@astros what is the meaning of the players arms looking like chain pulling after they get a hit????
@astros  pic.twitter.com/OC4gs8mk4K
@astros officially stadium #13 pic.twitter.com/HCDTWlM1Qp
@astros #groundchuck
