"@theresa_may @BillGates Foreign aid fuels corruption and sex scandals, perpetuates wars, and traps people in poverty. #AidDoesNotWork especially when we're suffering #austerity"
@BillGates Mr. Gates Please we need a donation campaign to support the educational sector in Idlib because the situation is very bad. If you can help please contact me
@BillGates Mr. Gates Please we need a donation campaign to support the educational sector in Idlib because the situation is very bad. If you can help please contact me
@theresa_may @BillGates Another one that thinks things are GreatğŸ™„The most over used and abused word in common parlance.
"@BillGates HelloOur school has succeeded in achieving 63% of the recruiting of bad guys and schoolchildren.Our school has 500 students and is leased and has a high financial needWe need $ 5,000 to buy and equip the schoolI promise you the promise of a teacher who will help your students"
@BillGates Iam born throught entre poor but if go to your profle i feel strong and have hope. You inspire me to keep fight.
@BillGates Bonjour .m bille vous pouver aider une vielle femme.
@BillGates â€”I have Iâ€™m guessing a simple audio driver issues w my new PC Win 10. Your chat support is awful. Liezl D. and Neil Cristian M. Ware awful. Offered me an email to help me or I should subscribe to your paid service. Never recvd it. #MSsucks #LoveGoogle #iMACrules
"@theresa_may @BillGates The terms Great Leadership & Theresa May do not go together, she conned 17.4 Million Brits into voting for her under the pretence of supporting Brexit, we will not forget this betrayal"
"@theresa_may @BillGates Says him who is a billionaire, itâ€™s not your bloody taxes sheâ€™s spending, itâ€™s mine !"
@BillGates I wish are State could figure out how not to be corrupt
@BillGates God bless him real good. Its good to assist the needy.
@BillGates KEEP Striving them number percentage up Chicago's high school Kenwood awesome job
@BillGates nice
@BillGates Did you ever go back to school to get your degree?  It would set a really good example ğŸ˜€
@BillGates help @phillyseeds @PhilaHsgAuthPHA help our kids. Philadelphia needs you! https://twitter.com/billgates/status/1035184804373778433Â â€¦
@BillGates Why only in America?))#FeelsBadMan
"@BillGates All ""Thank You"" is for @Google and not @Microsoft !"
@BillGates everyday I wake up in the morning walking to school to find the place where my future Technology are kept
"@theresa_may @SamAncliff @BillGates Foreign aid = UK taxpayers money that should be providing essential services here in the UK, for our ever-expanding population"
"@theresa_may @BillGates Bill you are wrong. Sheâ€™s using the aid label on a bribe, so she can say sheâ€™s achieved something after two years of utter failure."
@Bill_Gross @BillGates How about looking at gods creation ie the ants. They have great ideas for natural central heating in their nest designs and great ventilation ideas too. Which of the favours of your Lord do you deny? Quote from the Quran... Final testament from the one almighty God.
"@theresa_may @BillGates In 2017, the UN found a catalogue of human rights abuses of disabled people living in the U.K. Theresa May, and her cabinet, did nothing."
"@theresa_may @BillGates There are elements of truth, foreign aid is an undeniably good thing, but you're wrong about Theresa May and the UK government. They're egregiously self serving, morally hollow. #StopBrexit to get the #ToriesOut"
@theresa_may @10DowningStreet @BillGates Don't worry Bill it's all smoke and mirrors. It will disappear just like her other promises
@theresa_may @BillGates No. Bill. No.
@theresa_may @BillGates Be quiet Bill. Weâ€™ve got people dying here as a direct result of her policies. #TorysOut
@theresa_may @BillGates You have to be kidding me. May and great leadership are mutually exclusive. She's just trying to distract the electorate by going on this ludicrous African tour in the hope that the UK will rebuild some sort of Empire after Brexit. It's pathetic.
@theresa_may @BrandonLewis @BillGates Russian Bot! Definitely!
@theresa_may @BillGates Sounds like preparation for. Brexit No Deal...!
"Are you taking the piss ? Homelessness and food bank use at an all time high,  aswell as low income access facilities such as mental health care or basic healthcare services at an all time low . @BillGates @theresa_may detracting from other issues one suspects @chunkymark"
@theresa_may @BillGates There's talking the talk and then there's walking the walk
@theresa_may @10DowningStreet @BillGates Didnâ€™t Gordon Brown advocate more trade and integration with Africa?
"@theresa_may Totally agree with you @BillGates. Only given as part of a trade deal, itâ€™s not really foreign aid, more like an incentive to sign on the dotted line.You do realise the @Conservatives have been cited multiple times for human rights violations against disabled people in the U.K."
@BillGates Hello Good evening sir I'm Zabroon Christal masih from Karachi Pakistan sir i need your help please help Pakistani poor Christians peoples for higher education and found Free of cost school in Pakistan for poor Christians peoples thanks.
@theresa_may @willquince @BillGates So does #remaining in the EU.
@BillGates Every student in the world needs great education sir
@theresa_may @Conservatives @BillGates  pic.twitter.com/SxwR6Omj9B
@theresa_may @Conservatives @BillGates Bill.It's not her. It is we the British who enable the aid budget.If the Conservatives get their way the Aid money will be used as start up collateral for British re-investment in Africa post Brexit.
"@theresa_may @BillGates This is a difficult topic for me with regards to foreign aid, with few countries meeting the UNâ€™s target and the irresponsible misuse of the foreign aid budget must stop."
"@BillGates Sir, how do I get on your calendar?"
"@DonorsChoose Big thank you @BillGates from Uganda. Your support has reached every corner of the globe. though here many have misused your hard earned money. I have a school project for the underprivileged, especially girls. Hope to write to you soon!"
"@theresa_may @BillGates Bill baby. As a user of Visual Studio and itâ€™s predecessors for over 30 years, I urge you to look again. This is just window dressing to disguise the tragedy of #Brexit. As an IT/business hero of mine youâ€™ve really taken your eye off the ball if youâ€™re swallowing this horseshit"
"@BillGates I don't mean this in a passive aggressive way, but is it hard knowing you can end or nearly end homelessness in many of our major cities and having to decide where to put your immense resources?"
@theresa_may @Conservatives @BillGates And l always thought that Bill Gates would know something about leadership !
@theresa_may @BillGates creo conocer a esa dama con tim berners
"@theresa_may @BillGates Fuck foreign aid, send it to Britian, our schools need funding, our hospitals need funding, our people are living on food banks, there are more people homeless now than ever before. The disabled are having their benefits taken off them by the government. We need foreign aid now."
@BillGates friend bill
"@theresa_may @BillGates WE ARE MOVING TO A WORLD THAT IS DOMINATED MORE AND MORE BY AUTISTIC PEOPLE!! IS THIS WHAT WE WANT?? A TECHNOCRATIC, ROBOT A LIKE WORLD???"
"@theresa_may @BillGates How much did you earn this year? How much was paid in tax? No doubt very little compared to the little people in proportion. Hiding it all away in offshore accounts, I hate that the rich love giving our money away and then taking more off us after. #Pisstakers #GiveAllYoursAway"
"@theresa_may @Conservatives @BillGates #AidWorks UK police underfundedHomelessness risingFoodbank use risingSchools underfunded Social care at breaking point NHS underfunded But of course, let's borrow Â£14,000,000,000 to give away and make the UK taxpayer pay for it."
@BillGates This is great news!  I hope there is opportunities out there for them.
@BillGates im proud of you
"@theresa_may @BillGates If the top 100 richest people in the world came together they could wipe out world yes WORLD poverty. But guess what, it's down to the little people to sort out and give the little we have away and then end up worse off than the people we send aid to in the first place."
@theresa_may @UKinTanzania @BillGates Pause to see what final two sentences mean in practice......
"@BillGates Hi Bill,  I just renovated and placed my house on the market.  If you know any doctors, attorneys, celebrities or executives looking to move to Memphis, TN area, want a summer home, or want real estate investment, you can get 6% commission for providing buyer. Thanks. pic.twitter.com/tVOGVGIRZG"
"@theresa_may @BillGates Can I ask how it makes us more secure? Or improves markets? We give our money away to countries that don't need it, like Saudi Arabia just to name one and all the while our own people are having to find more money to give the government to run our own country. We can't afford it."
@BillGates What percent?
@theresa_may @BillGates Theresa May is a racist she cars only about britian
@BillGates can you talk a little bit more about entrepreneurship? You are a big advocate of education and I think by doing so you would be making your valuable contribution to the education sector.
@BillGates Muitos parabÃ©ns. E muito boa sorte aos alunos. EducaÃ§Ã£o Ã© prioridade.Deus lhe abenÃ§oe Bill Gates e os EUA da AmÃ©rica. Salve!
"@BillGates @Windows @hestonblumentha ""leave everything to us"" !? Your update broke my laptop. #hiheston pic.twitter.com/lneQZaBTPE"
@theresa_may @BillGates No it doesn't...
@theresa_may @BillGates Problem is we borrow it in the first place and my kids will have to pay for it.Odd thing is there are African countries who are net contributors to the international money markets.So we borrow it off them!ğŸ¤”
@theresa_may @BillGates So right in every way...
@theresa_may @Conservatives @BillGates All it does is feeds terrorists and despotic regimes!
@BillGates The because so many are getting shot. Survival of the fittest in Chicago
@BillGates Please take me on a shopping spree
@theresa_may @10DowningStreet @BillGates Thomas Sankara had the right idea. Self reliance. Unfortunately the West had him killed for challenging their hegemony.
@BillGates @yesseman11
"@BillGates SirWe proud of your generosity that u r giving in needy humans, and we request you for to spend ur wealth for Christian gospel outreach, missionaries and evangelists around the world. May God blesses you."
@BillGates But aren't they important for the planet ? Maybe they play an important role
"@theresa_may @Conservatives @BillGates Mr Gates, you choose how to spend your money and make a huge difference.Would you trust your government to make the best choices.I donâ€™t trust mine to spend tax money effectively and would rather have more control. Foreign aid can be well spent but often isnâ€™t."
"@BillGates you're absolutely right!! #bitcoin was a start, to what comes neXt! @AMLBitcoin â˜ï¸â˜€ï¸ It doesn't matter if you have #BTC It matters if you could use it! ğŸ˜ #ABTC ğŸ‡ºğŸ‡¸ about to ROCK The Cryptocurrency Space! The next bitcoin?! The Future of Cryptocurrency! GET READY! pic.twitter.com/A8CvYj0O0Y"
@theresa_may @Conservatives @BillGates  https://twitter.com/neologicality/status/1035093662861066240?s=21Â â€¦
"@BillGates por favor lÃª as minhas mensagens Obrigado,desde jÃ¡ obrigado."
@theresa_may @BillGates Youâ€™re right. But why donâ€™t you have an opinion on Brexit? Itâ€™s visionaries like you that people listen to - donâ€™t take the easy way out ğŸ™
"@theresa_may @BillGates Props up useless, undemocratic Governments, enabling their leaders to live a life of luxury, undreamt of by their impoverished citizens, or -indeed - our own. Buys them the resources to keep said citizens in their place. Foreign aid is a very expensive crock"
"@BillGates Por favor leia as minhas mensagens, desde jÃ¡  Obrigado ."
"@theresa_may @BillGates But if you ask the intended ""beneficiaries"" clearly it does not work"
@BillGates Need more affirmative actions....
"RT @BillGates: Great leadership by PM @theresa_may and her government. Foreign aid makes the UK more secure, prevents diseases, strengthens markets, and saves lives. #AidWorks https://twitter.com/DFID_UK/status/1034433937282609153Â â€¦"
@BillGates  pic.twitter.com/7s2osDgGHo
@BillGates Are you sure you trust those numbers?
@theresa_may @Conservatives @BillGates ğŸ˜‚
@BillGates pic.twitter.com/fy3JATivv0
@BillGates hi bill  coming to break up your record am Gina be the richest guy In the whole world
"@BillGates Wake the fuck up!!Your buddy @theresa_mayIs a narcissistic, murdering criminal...#DWPCrimes https://twitter.com/MrTopple/status/1035236812195815426Â â€¦"
@BillGates
@BillGates law abiding malaysian
@BillGates help me im just a
@BillGates pic.twitter.com/hdb24xwvIP
@BillGates sos
"@BillGates open your thickle, rich man's blinded eyes, your praise of @theresa_may Is sickening to most UK citizens#DWPCrimes https://twitter.com/MrTopple/status/1035235770351738880Â â€¦"
@BillGates tribute to your @theresa_may Arse licking... https://twitter.com/MrTopple/status/1035234834304708608Â â€¦
@BillGates while you 'Big Up' @theresa_may  take heed....#DWPCrimes https://twitter.com/MrTopple/status/1035234094685319168Â â€¦
@BillGates You are invited to my baby shower. ğŸ™
@theresa_may @BrandonLewis @BillGates Charity begins at home!! Too many are resorting to using food bank in the UK. Look after domestic affairs first
"@akin_adesina @bahsaev72 @BillGates Shalom guys, you just look great, I ask you for friendship with respect to you Rezvan, waiting for an answer ?"
@BillGates Did we find that certain schools were more likely to see this increase than others? What changed?
"@theresa_may @Conservatives @BillGates Great but for example, our many old a pensioners can not afford heating at winter. Shouldn't we get our own house in order before we try to sort out other countries."
@BillGates Great achievement
@theresa_may @Conservatives @BillGates Can the UK apply for some of this Foreign Aid the Torys are giving away because we sure do have some deprived areas her as well
@BillGates I had a dream I met u yo pic.twitter.com/BfduxU7Rqf
@BillGates Great news!  How much improvement did the schools with the lowest graduation rates see?  Poverty is root cause for so many things.  America should be a place that goves a hand up not push down the most vulnerable.  Thank you for what you do!!
@BillGates Still no jobs... so back to drug dealing... gangs.. and prostitution.. job not socialism is the cruel for poverty.. not welfare and hopelynes
@theresa_may @10DowningStreet @BillGates No it doesnt . Just stop the diseases coming in. We have got the NHS.
"@BillGates, A new therapy could be delivered with Windows tablets. Invented and developed also with a Windows PC. http://personales.upv.es/jaiserpe/Â "
"@theresa_may @BillGates Sadly Bill, she is giving away our hard earned Tax revenues (not yours) to foreign dictators who abuse it, rather than helping our own people at home who need it too. There is no balance only a Government statute that forces us to give away our hard earned cash to other Countries"
"@MandyRheaWrites @BillGates Dear Mr. Bill Gates,if l publishe the first analysis rules about who is a victim of remote neural monitoring technology abusing ( the basic from US Patent 6011991A), could you pay a little attention to it as you are the first talent around the world."
"@BillGates RIP, just can't say he left a better world than he met it though he made his contributions to time"
@BillGates Great Mr bill gates
@BillGates Do I look like a criminal? I do not have the courage to say the truth. What after 26 years of agony and pain? Is my dream come true? I want to sleep without fear and pain. I want a pillow and a bed to relax my bones.I want a house pic.twitter.com/jJru4s9yO2
@theresa_may @BrandonLewis @BillGates LOL no
@BillGates Join the movement. Take action and become a #globalcitizen.  https://glblctzn.me/2uh7ZObÂ 
@theresa_may @Conservatives @BillGates I call bullshit
@Bill_Gross @BillGates  https://www.gofundme.com/help-win-the-legal-fight-of-my-life&rcid=r01-153565001004-50bf8c9bec59411c&pc=ot_co_campmgmt_wÂ â€¦
@MandyRheaWrites @BillGates  https://www.gofundme.com/help-win-the-legal-fight-of-my-life&rcid=r01-153565001004-50bf8c9bec59411c&pc=ot_co_campmgmt_wÂ â€¦
"@Lawrence @BillGates And yet CPS is trying to close a now top perf elementary school, Level 1+, serving Black and poor students that 5 years ago was second lowest rating. This school should be studied and emulated, not turned into a small HS for politically connected Whites. Natl Teachers Acdmy #NTA"
@theresa_may @Conservatives @BillGates Great Hypocrite.
@BillGates I'm really fed up with my miserable life
@BillGates It was finally acknowledged its importance in a visible form
@BillGates I want money to rest
@BillGates What are you waiting for to help me?
"@BillGates I have tired a lot of pain and exploitation and humiliation and fear and insult, I want you to help me and give me money, you are rich"
@theresa_may @10DowningStreet @BillGates I imagine she asked you to say this.  Worst PM by a mile and likely to be booed by her own kind at the conference
@BillGates Thats rite
@theresa_may @Conservatives @BillGates Are you on drugs?
"@BillGates I am a month later I will be 26 years old What after the loss of years and torment and humiliation, I do not want to complete my life so and better death than this life"
@theresa_may @BrandonLewis @BillGates You are from a different world.
"@theresa_may @Conservatives @BillGates Yes but who does it work for?And is it moral, when there is need at home."
@BillGates... @melindagates... pic.twitter.com/WNsTzhz20B
"@theresa_may @Conservatives @BillGates And makes the poor even more poor, and makes people like you richer that's all I know!"
@theresa_may @Conservatives @BillGates Bill change your password I think your account has been hacked.
@MandyRheaWrites @BillGates Yes
@theresa_may @BillGates So does putting money into our NHS!
"@theresa_may @BillGates Come off it Bill, if she'd worked for you and procrastinated and dithered so much your company would't have been nearly so successful."
@theresa_may @BillGates It doesn't feel like its more secure. How many terror attacks have we had over the last 10 years?How many times hes her leadership done a U turn?I'm sure she called on you for help Bill so you might have lost some credibility now
"@BillGates: From 2007 to 2015, the percentage of students on track to graduate from Chicago high schools rose from 61% to 85%. And four-year college enrollment rates went from 36% to 44%. Kenwood Academy is part of a network of schools driving that succeâ€¦  https://ift.tt/2NzgH2MÂ "
@BillGates This is a statistic that a city...or a nation... should use to measure success! Education is everything today.
@theresa_may @BillGates Pure and undiluted facts. #Aidrealyworks
@MandyRheaWrites @BillGates Thanks
"@theresa_may @BillGates Foreign aid should be voluntary, from those who want to afford it. It should not be using tax payers funds, when emergency services, hospitals and schools in the UK are struggling."
@BillGates ...to make people educated is such a noble duty!
@MandyRheaWrites @BillGates You are really lucky sir ğŸ˜
@BillGates https://www.linkedin.com/pulse/emergency-preparedness-management-sumit-nigam/Â â€¦
"@BillGates Hello. Bill Gates. I would just like to say one thing to you. Thank you for inventing Microsoft, all of them years ago. You have made my life, and everyone else's life so much easier. When I have work to do, I can always rely on Microsoft, It is just fantastic."
"@Conservatives @BillGates Why donâ€™t you ask the @UN about @theresa_mayâ€™s Leadership record on being responsible for the deaths of 100â€™s of thousands of Sick, Por and Disabled UK citizens her and the @DWP have culled since her reign of power?Na, thought you wouldnâ€™t!! https://www.theguardian.com/society/2015/aug/27/thousands-died-after-fit-for-work-assessment-dwp-figuresÂ â€¦"
"RT @BillGates: Great leadership by PM @theresa_may and her government. Foreign aid makes the UK more secure, prevents diseases, strengthens markets, and saves lives. #AidWorks https://twitter.com/DFID_UK/status/1034433937282609153Â â€¦"
@Bill_Gross @BillGates I would try to change the concrete to f.e. Sand. Concrete/cement powder is such a non ecological product! Producing cement powder is a nature killer!
@theresa_may @Conservatives @BillGates BS foreign aid does nothing its perceptual and causes dependence
@Lawrence @BillGates This is an example of believing in our country and our children god bless
@theresa_may @Conservatives @BillGates May is a horrible leader.
"@BillGates quand la rÃ©ussite s' Ã©lance sur vos enfants, ne vous demandez pas pourquoi il y aura des constellations d' ouvertures qui fleuriront vos jours pour le restant de vos vies !l' homme aux bouts de papier"
"@BillGates stay out of British politics, it does not concern you. https://twitter.com/BillGates/status/1034820550911131648Â â€¦"
@theresa_may @BillGates She will be defeated in next election. You and yours have no idea what is happening to our country. You live in a Bubble.
"@Bill_Gross @BillGates Energy storage tech is probably the biggest hurdle in green power development. Safety, ease of fabrication, and high energy density are three major factors of success. It's probably as difficult as nano-tech at present. Once breakthrough, it will be a piece of cake."
@theresa_may @Conservatives @BillGates Ummmmm....
@BillGates nice!
@BillGates Good improvements
"@BillGates please reduce the prices of genuine Windows software products as well as MS Office products so that any individual would be able to afford the same. As a result of which, piracy from India would start to recede away and the name of such a big giant will up gradually."
@BillGates ğŸ˜†ğŸ˜†ğŸ¤”ğŸ¤”ğŸ˜…ğŸ˜…ğŸ˜´ğŸ˜´ğŸ˜´ pic.twitter.com/J558tO5aRW
@theresa_may @BillGates Bollocks
@theresa_may @BillGates Yeah but when you wait an hour for an ambulance. Somehow i think the British are at the bottom of the pile with May.
@theresa_may @BillGates Fix your own country first
@theresa_may @BillGates That will be the rich preaching at us again. You try being disabled is this country with TM as PM she's no leader she's a thief.
@theresa_may @BillGates In your opinion
@BillGates Good parenting is key. ğŸ˜Š
@BillGates  http://tar.ge/Â  áƒ›áƒ˜áƒ›áƒ“áƒ˜áƒœáƒáƒ áƒ”áƒáƒ‘áƒ¡ 20 áƒ›áƒ˜áƒšáƒ˜áƒáƒœáƒ˜áƒáƒœ áƒ“áƒáƒšáƒáƒ áƒ˜áƒ¡ áƒáƒ áƒáƒ”áƒ¥áƒ¢áƒ˜áƒ¡ áƒ’áƒáƒœáƒ®áƒáƒ áƒªáƒ˜áƒ”áƒšáƒ”áƒ‘áƒ áƒ£áƒ¤áƒáƒ¡áƒáƒ“ áƒáƒ áƒ˜áƒ’áƒ˜áƒœáƒáƒšáƒ˜áƒ¡ áƒ¢áƒ”áƒ¥áƒ¡áƒ¢áƒ£áƒ áƒ˜ áƒšáƒ”áƒ¥áƒ¡áƒ˜áƒ™áƒáƒœáƒ˜áƒ¡  http://tar.ge/Â  áƒ áƒ£áƒ¡áƒ£áƒšáƒ˜áƒ¡áƒ áƒ“áƒ áƒ˜áƒœáƒ’áƒšáƒ˜áƒ¡áƒ£áƒ áƒ˜áƒ¡ áƒ¥áƒáƒ áƒ—áƒ£áƒš áƒ”áƒœáƒáƒ–áƒ” áƒ¨áƒ”áƒ•áƒ¡áƒ”áƒ‘áƒ£áƒšáƒ˜áƒ áƒ¡áƒ˜áƒ¢áƒ§áƒ•áƒ˜áƒ—áƒ˜ áƒ áƒáƒáƒ“áƒ”áƒœáƒáƒ‘áƒ áƒ¬áƒ˜áƒœáƒáƒ“áƒáƒ“áƒ”áƒ‘áƒáƒ¨áƒ˜ - áƒ˜áƒœáƒ’áƒšáƒ˜áƒ¡áƒ£áƒ áƒ¨áƒ˜ 992930 áƒ“áƒ áƒ áƒ£áƒ¡áƒ£áƒš áƒ”áƒœáƒáƒ¨áƒ˜ 749491 pic.twitter.com/cCJgcqDY8y
@theresa_may @NimkoAli @BillGates Don't talk Wet man!!
@BillGates ğŸ˜
"@BillGates SirI am Gijo Vijayan from India.I support, Lovedale Foundation - Bangalore/India, an NGO taking care of poor kids.Website:  http://www.lovedalefoundation.org/Â Can you help them in raising funds?Regards, Gijo Vijayan"
@BillGates thank u so much for donating sir(kerala floods)
@theresa_may @BillGates How? Are you on drugs??
"@theresa_may @10DowningStreet @BillGates You numpties really believe all that tosh, don't you? How on earth can you prove that Africa countries buy more from us, keep us secure, and use the ""Aid"" we pour in to save lives? More palaces for their leaders, more bling for their wives!"
@theresa_may @BillGates what planet are you on
@BillGates Disrespectful
"@MandyRheaWrites @BillGates Ha, ha, ha, ha, ha, he, he, hee!"
@theresa_may @BillGates Sir Bill Gates is absolutely correct.
@BillGates Bill what i have to do foryour attention
@BillGates @billgates advierte que hay que prepararse para el terrorismo biolÃ³gico -  http://ht.ly/m26230lBkJZÂ  pic.twitter.com/ScHxIctPU4
@BillGates Very good! Because the total knowlege is double now compared with that period.
"@theresa_may @BillGates Mutual trade is what keeps people out of poverty,But that doesnâ€™t fit your #NWO agenda does Billy boy ğŸ™„"
@BillGates Your Social Labor to support Students achieve their maximum potential is extraordinary Mr. Bill Gates. God ğŸ™ğŸ» bless you.
"@theresa_may @BillGates She is paying Ramposa to murder white South Africans and steal the land , May is a evil woman"
@BillGates u r evil ( a devil )
"@BillGates ""Girls to grow up knowing that there are no boundaries that can be placed on their futures, period."" Love @melindagates 's quote.Thanks for sharing!"
"@theresa_may @BillGates If you lived in the UK you wouldn't be saying that, and you wouldn't feel safe, so quit with the dumb platitudes."
@theresa_may @BillGates Itâ€™s ok for Bill because he is rolling in it. The UK tax payer is working their conkers off to shell out money left right and centre. We want a say on who gets this money: South Africa has a corrupt racist government. Stealing land based on colour. # Mayhem
@OrangutansSOS @BillGates please can you help with @orangutanssos campaign and share it with your all of your followers. Thanks. I admire the great work that you have done in Africa and have supported Microsoft. https://twitter.com/OrangutansSOS/status/1032219985417003008Â â€¦
@BillGates I BLAME OBAMA ! ğŸ‘ğŸ‰ğŸŠğŸˆğŸ’ªğŸ™@MichelleObama @ObamaFoundation @BarackObama
@BillGates Is the popular kids the smart kids as well in the USA? Your country very advance never been to USA so don't know just know high school not always nice when environment makes learning hard when its bad and sad.
@theresa_may @BillGates Think this could be Mr Gates way of a â€˜brown envelopeâ€™ To ensure that Mrs Mays government uses Microsoft products! ğŸ˜‚ğŸ˜‚ğŸ˜‚ğŸ’µğŸ’µğŸ’µğŸ’¿ğŸ’¿ğŸ’¿
@BillGates I see
@theresa_may @Alex_Ndalila @BillGates and how much do the foreign govts benefit from Africa? https://twitter.com/africaupdates/status/1033876660209238018Â â€¦
@theresa_may @BillGates I heard Thresa May will be married to Donald trump?
@Bill_Gross @BillGates Fascinating!
@theresa_may @BillGates Whilst meanwhile large parts of the U.K. are falling apart in poverty with no aid at all! ğŸ‘ğŸ¼
"@BillGates Thank you so much, very very nice, congratulation all my student of America. God bless to you always time anywhere  in your life. I pray. Thank sir, how are you? God bless to you. Please some support to me, I go to American,  and meet all honourable person. Thanks"
@BillGates bill did u send meAğŸ¤ªcrazyface megasize 30 day supply?
@BillGates And I thought u were smarter than some guy conveying stats
"@Bill_Gross @BillGates After 10th installation, costs would be $150/kWh. @Tesla is already at that figure and closing in on $100 or less. I love variety though, just think the tech for most situations is already out there and at affordable costs. We just need to transition."
@BillGates NTRODUCING MY MEGASIZEğŸ˜‚tears of joy face...
@BillGates Incredible
@BillGates Thanks Mr Gates.
@BillGates Good. Apparently thereâ€™s a lack of engineers in USA!
@BillGates K faida?San inhaan galan da ki faida pai?Koi insaan v paida kro?
@theresa_may @BillGates all well and good doing foreign aid but they are bleeding the people in the UK dry. We have more poverty and foodbanks than any other western country
"@Lawrence @BillGates In the words of @realDonaldTrump â€œVery bad places these universities, just creating more elites.  I prefer the poorly educatedâ€"
@theresa_may @BillGates When will Jigger Victims in Kenya get health care?@MOH_Kenya@LivEchonews
"@BillGates Foundation will offer access to the E2open platform, which, when adopted by supply chains, will serve as a key enabler to advance health supply chain visibility, and thus supply chain performance. https://twitter.com/moh_kenya/status/1035198315137302528Â â€¦"
@BillGates @PMOIndia Elderly Indian women learn to read and write:  https://aol.it/2lzXVhMÂ  # via @AOL
"@CNN @theresa_may @BillGates Hillary ClintonVerified account@HillaryClintonOver 500 children are still waiting to be reunited with their parents, 5 weeks after the administration's deadline to reunify families. Every day they are made to wait is a tragedy.@POTUS @VP @FLOTUS @IvankaTrump @SenateGOP @cnn"
@Lawrence @BillGates God give us men such is the special kind like you. Posterity will remember you for good work you are doing without race or gender bias. Thank you Bill Gates. This is what selflessness looks like.
@BillGates What
@BillGates Dumps on Video Cards Occur as Understood.What about when Displaying???Dump Unnecessary to Increase Frame Rate when FR is Dropping??Re: Keeping Video Cards Memory Usage to a Minimum to Maximize Performance.@EricTrump
@theresa_may @UKUN_NewYork @BillGates Great leadership and May are mutually exclusive terms.
@theresa_may @BillGates Charity Begin's at home sort out our OWN Country first
@BillGates Hi ! Mr @BillGates I am from Timor Leste..I am so appreciated with motivation that i always saw on youtube channel.
@BillGates @Oprah  https://www.gofundme.com/gyx7ey-support-my-education?pc=ot_co_dashboard_a&rcid=49e3023fdca6483ab479e93f991b0068Â â€¦ any help???
@BillGates What is the point if everything we do is killing the planet? It is time to question how and why we work. Who will be the first billionaire to admit that capitalism is destroying the planet and then endorse a Resource Based Economy? That billionaire will save the human species. pic.twitter.com/GdLMLxqDmw
@BillGates confused why you arenâ€™t following yet
@BillGates #litecoin #ltc #cryptocurrency https://10tag.blogspot.com/2018/08/bitcoins-giving-people-another-chance.htmlÂ â€¦
@BillGates Dear BillI hereby ask you for help and support for a child. This child was born as a carrier: Epidermolysis Bullosa Recessive Dystrophic.Email: ajudeamaju@yahoo.comName: Maria Julia FernandesBrazil.
"@BillGates A tricky statistic. Districts pressure principals to pressure teachers to pass students for attendance and not achievement.  In California, we are graduating more kids who need remediation in the Cal State System = 40%.  Bureaucratic shenanigans versus real results."
@theresa_may @BillGates Thatâ€™s fine so long as we can afford it .. the streets of London itself are not safe because we canâ€™t afford enough police .. home priorities first
@theresa_may @BillGates problem is Bill sheâ€™s our unelected PM & therefore doesnâ€™t deserve her position. She also talks lots & does v little
@BillGates Bottle what they are doing.
"@BillGates What is not driving success is the amount of money it takes to graduate from these colleges, leaving graduates high in debt, while looking for a job to afford that debt, finding said job that is not even in the field, in order to survive. â€˜Merica ğŸ‡ºğŸ‡¸"
"@theresa_may @BillGates Foreign aid is a worthwhile expense and all developed countries should be engaged in it.  But ... WHAT ABOUT DOMESTIC AID particularly for people in the #UK desperate for #Orkambi who are denied access to this life saving drug by @GOVUK based on the whine ""But it costs too much!"""
@BillGates my daughter Rachel taught 2 years high school science at Intrinsic School in low income Chicago. Wrote 19 letters of recommendation for college. Now content manager at  http://albert.ioÂ  which is an educational software company helping kids going to college!
@BillGates #MICROSOFT I have listened that @Microsoft is best organization to work. But i think its best due to workers. Lucky people who are working for this. Alas may be i could also be a part of this...
"@BillGates We focus to realize our full potential with new knowledge, insight & an expanded network of peers. We drove with our inspiration, influence & apply our charisma to move from success to significance."
@BillGates Aoe 4 updates please
@theresa_may @BillGates Makes the UK more safe???ğŸ˜‚ğŸ˜‚ğŸ˜‚ğŸ˜‚ğŸ˜‚ğŸ˜‚ğŸ˜‚ğŸ˜‚ğŸ˜‚ğŸ˜‚ğŸ˜‚ğŸ˜‚ğŸ˜‚ğŸ˜‚ğŸ˜‚ğŸ˜‚ğŸ˜‚ğŸ˜‚ğŸ˜‚ğŸ˜‚ğŸ˜‚ğŸ˜‚ğŸ˜‚ğŸ˜‚ğŸ˜‚ğŸ˜‚ğŸ˜‚ğŸ˜‚ğŸ˜‚ğŸ˜‚ğŸ˜‚ğŸ˜‚ğŸ˜‚ğŸ˜‚ğŸ˜‚ğŸ˜‚ğŸ˜‚ğŸ˜‚ğŸ˜‚ğŸ˜‚ğŸ˜‚ğŸ˜‚ğŸ˜‚ğŸ˜‚ğŸ˜‚ğŸ˜‚ğŸ˜‚ğŸ˜‚ğŸ˜‚ğŸ˜‚ğŸ˜‚ğŸ˜‚ğŸ˜‚ğŸ˜‚ğŸ˜‚ğŸ˜‚ğŸ˜‚ğŸ˜‚ğŸ˜‚ğŸ˜‚ğŸ˜‚ğŸ˜‚ğŸ˜‚ğŸ˜‚ğŸ˜‚ğŸ˜‚ğŸ˜‚ğŸ˜‚ğŸ˜‚ğŸ˜‚ğŸ˜‚
@MandyRheaWrites @BillGates That would be me
@BillGates My two doughters study  break  from 2/3 years due to some reason she want to get more education . but i can't afford .
@theresa_may @BillGates this may be true for all I know but it also maybe true that the natives can teach given...
@BillGates  https://twitter.com/mohitso71490359/status/977233386354847744?s=19Â â€¦
@BillGates   Leaving to get my dream work up . Need your teacher me
"@BillGates 84? I said it will not print above 61, the page I argue with a mouse?!! My, to my heel. Quick turn, Quaid. You knew nothing of tarantula's 800 million years to care is cockroach, is hit. You don't plot methane. No, I need a gas."
@theresa_may @BillGates Is she on holiday?
@BillGates that means education level increases
@BillGates I graduated from Kenwood Academy ğŸ˜Š
"@BillGates What uh, success. Marry, Portugal has two world wars, bathing in heat. Now it's cool, and bearer walls, not only genocide all the people, not 2100: 1900! This plan is fully science direct, to keep the humans dead. We are the ones, not ugly nerds. 61's DERANGEMENT now printer, roc"
@BillGates My brother also do study in Chicago
@BillGates #awesome
"@BillGates I really appreciate of you and as you said that ""I am not in competition with anyone but myself -my goal is to improve myself continusly ğŸ˜ "" My goal are to  get the scholarship to study at Havart and work with you !Hopefully, U'll provide a  chance to complete my goal ... Read"
"@BillGates You naive, simplistic, shallow, literally hollow, academically bare, literarily parched, and intellectually void retards are about as intelligent as my 2-year-old son or about as intelligent as primitive Islamic, Iranian, Pakistani and Jewish subhumans at parity with apes."
"@BillGates You're incapable of processing thought. In 50 years, I haven't heard you say anything intelligent, rational, factual. You're incapable of having an intelligent, informed, rational, knowledgeable, educated, or factual discussion with because of your 3rd-rate academic system"
"@BillGates So Bill, how many of these students did you have vaccinated while attending this school? Do those that were vaccinated know your ultimate strategy? Are they aware of THE PLAN called â€œAGENDA 21 or AGENDA 2030?"
@BillGates billgates i ask you why is the price of iphone expensive in our arabic countary . You should solve this problem . Please
"@BillGates I graduated with a BS degrees in Electrical, Microelectronic, Communications Systems and Computer Engineering in 1991, almost 30 years back, and then served as an Assistant Director, again, almost 30 years back. What fantasy worlds are you retards living in?"
@BillGates Great achievement!ğŸ˜Š ğŸ‘
@BillGates  https://bit.ly/2n2MLAoÂ 
"@BillGates Do you believe college should be ""tuition-free""?"
@BillGates 2018
@BillGates Righteous person with righteous thought
@BillGates lots of love from India
@BillGates Great news sir.
@BillGates  https://youtu.be/dpMCUIysrPEÂ 
@BillGates He was
"@BillGates Wait wait, only 61% of people used to graduate HIGH SCHOOL?! Even 85% seems incredibly low to me! Shouldn't dropping out of high school be like, a super rare thing?"
@BillGates Well done boss. You can never run down & highest you go.
"@BillGates All people need are opportunity, support and resources."
@BillGates Ifb
@BillGates Watch Padman
@BillGates ç‰›é€¼ï¼
@BillGates I love stories where a philanthropist helps fund a workings man dignified retirement. http://PayPal.me/OnePhatKattÂ 
@BillGates Keep goning
@BillGates This is awesome ğŸ‘ğŸ¾
@BillGates Great storyğŸ‘ğŸ‘ŒğŸ˜Š
@BillGates ğŸ˜ğŸ˜ğŸ˜ğŸ˜ğŸ˜â¤
@BillGates Just dropping this off hereğŸ˜ƒUpdate on the world's 15 largest seed banks https://www.agprofessional.com/article/update-worlds-15-largest-seed-banksÂ â€¦
@BillGates Youâ€™re doing awesome job
@BillGates Good one sir
@BillGates Good
@BillGates Excellent!
@BillGates Bill Gates ã•ã‚“â—¯â—¯ is part of a network of schools driving that success.Thank you very much.#Microsoft
@BillGates Extraordinario...
@BillGates Excellent encouragement...
@BillGates Great! Good news.
@BillGates ğŸ‘ğŸŒ»ğŸŒ»ğŸŒ»ğŸŒ»
@BillGates â¤ï¸ğŸ˜˜ğŸ˜˜ğŸ˜˜ğŸ˜—
"@BillGates Where the darks at in short untamable hair! @Chicago_Police get over it quick ! DNA all to birth certificates, toxicology due & biometrics @ChicagosMayor top down included freshman class along with all educational staffs. Â©Â®â›“â„¢ï¸ğŸš¢ğŸ‡¨ğŸ‡³In violations always."
@BillGates Can i have a free Xbox one x
@BillGates Lowering standards is not a success.
@BillGates Schools look fun in America
@BillGates Awesome!
@BillGates Amazing work btw.  It's really respectable and honest what your humanitarian goals are.  What was your first humanitarian project?
"@BillGates Change the measurements to graduate ,most likely helped with this."
@BillGates  https://twitter.com/2ae3f4c4/status/1035184975044177925?s=19Â â€¦ pic.twitter.com/6AC9YrMvEQ
@BillGates wow great performance.......
@BillGates Hjjdhxhah
@BillGates âœŒï¸âœŒï¸
@BillGates à¦…à¦­à¦¿à¦¨à¦¨à§à¦¦à¦¨
@BillGates Fantastic accomplishment!
@BillGates Good one â˜ï¸
@theresa_may I didn't know @BillGates was a comedian.ğŸ¤£ğŸ¤£ğŸ¤£ğŸ¤£ğŸ¤£ğŸ¤£
@theresa_may @BillGates you wouldnâ€™t be saying that if you lived and worked in the UK and was just delivered a food parcel by a volunteer because you couldnâ€™t afford to feed your kids in the summer holidays
@Bill_Gross @BillGates Sir how are u
@theresa_may @BillGates Millionaires on welfare as always https://www.thecanary.co/global/2018/08/30/actually-a-remarkable-fact-shows-theresa-may-leads-the-western-theft-of-africas-wealth/Â â€¦
@theresa_may @BillGates And the USA pays out more in foreign aid then any other country.
"@theresa_may @BillGates â€œsaves lifesâ€, really...By supporting the murder of white SA Farmers, woman and children. Giving funds to the ANC to strengthen trade relations with SA, supporting the ANC government as they plan to steal peopleâ€™s land based purely on their skin colour. Colonialists of the year."
@theresa_may @BillGates .
@BillGates U
"@theresa_may @BillGates Itâ€™s not my fault that the reality you create today gives me precognition nightmares of the near the future revealing your wanted dystopia , why attack me for this ?"
@MandyRheaWrites @BillGates JiğŸ™
@MandyRheaWrites @BillGates Meï¼Œtoo. I very want a good teacher.â˜ºï¸
"@theresa_may @BillGates Sorry Bill but May and her government have shown anything but great leadership on the other hand they have shown how to economically wreck their own country, lie to and deceive the UK populous at large in their pursuit of the delusional Brexit"
@MandyRheaWrites @BillGates Asante
"@theresa_may @10DowningStreet @BillGates Foreign aid is a dreadful thing, just teaches those people to keep putting their hands out for free money instead of providing for themselves. Stop all foreign aid."
@theresa_may @BillGates Doing business in corruption ridden Africa speaks volumes and no we donâ€™t support land reform
"@theresa_may @ga_richardson @BillGates No it absolutely does NOT work for us plebs forced to live with these Congolese, Somali, or African  animals in general. It doesn't keep them at home where they belong they are still polluting our country."
@theresa_may @BillGates Awkward...
@theresa_may @BillGates Panasonic Europe chose to transfer its regional headquarters from Bracknell to Amsterdam from 1 October 2018.No one voted to have businesses leaving UK. That is why we need to #SuspendA50 and get #PeoplesVote https://twitter.com/DrPhillipLeeMP/status/1035166400384520193Â â€¦
@theresa_may @BillGates Have you seen what's she's done to the UK?
"@MandyRheaWrites @BillGates Wish if God would make a way for me to meet her personally though we are far away from each other(India),i would think my life is worth living"
@theresa_may Oh come on @BillGates. Come on! ğŸ™„
"Mr @BillGates only if u knew wat @theresa_may is upto wit Ã¨ #Zimbabwe situation, endorsing an illegitimate president @edmnangagwa & she has  revealed that she is an ardent and enthusiastic supporter of him."
"@BillGates Bill , WHEN , EVER !! You decide to engage Me in a discussion whereas I can bring to your attention some extremely important matters ?!vperroni37@gmail.com"
@theresa_may @BillGates its easy to spend other people money
@theresa_may @10DowningStreet @BillGates In fact it's very inefficient; much of it disappears untraceable. Our (borrowed) money could be spent more wisely improving our own country.
@theresa_may @BillGates I have monthly payments to both UK and international aid charities. The problem with politicians in the UK is they invest In every country but our own. Where those who really cannot look after themselves are left to rot.
@theresa_may @BillGates We sincerely expected that you would have demanded from President Buhari of British citizen Nnamdi Kanu's whereabout
@theresa_may @BillGates Great Bill! Orangutans are on the brink of extinction. Step up like only you can.ğŸ‘
@theresa_may @BillGates Foreign Aid is poor people in rich countries giving money to rich people in poor countries. Idiot.
@theresa_may @BillGates  pic.twitter.com/SzSm8S0lW9
@BillGates Mr. Gates! Please help me fund my classroom! I am a new teacher!Check out my classroom on @DonorsChoose! I'd love your help to bring my project to life: https://donorschoo.se/e/lXrgdYb0NPÂ 
@theresa_may @BillGates Theresa May is a very good Prime Minister; she is displaying strong  leadership and is also leading the way in environmental protection as well
@theresa_may @BillGates And gives free rides to lazy countries to spend their money on arms and space programs whilst the UK feeds their people .... about time Governments became responsible for their own people...
"@BillGates U support Theresa May, then?! https://twitter.com/DiKips/status/1035059058213040128Â â€¦"
"@theresa_may @BillGates Err, Bill, the torys want to slash foreign aid."
@theresa_may @BillGates The so called foreign aids are not real foreign aids . The aids are misdirected and besides they are attached with a lot of strings with neocolonial hidden agendas. How can you call that foreign aids ?
@theresa_may @BillGates Which denies the British public of sufficient law enforcement amidst rising crime on our streets. It denies our NHS the funding it desperately requires. Our social services are inadequate due a lack of funding. Charity begins at home. All for helping but not at my peoples loss
@BillGates @theresa_may @Number10press Robbed 3.67m '50s women of  pensions@60?? Deliberately en4cing misery fear despair homelessness poverty destitution on 'many' in UK without care concern interest!! Out 4 herself hubby+top 1% NOT the 'many'!! #JC4PM
@BillGates Give me 1 milion money
@Bill_Gross @BillGates You have some of the best and insightful tweets! Thanks you Gates for your genuine care for humanity
@BillGates hi
@theresa_may @BillGates used to like you bill  :/
@theresa_may @BillGates Meanwhile in the UK we have food banks run by volunteers and public donations to help support our own citizens. Mrs M should be diverting some international aid to look after our own first.
"@theresa_may @BillGates I think people should boycott windows 10 and move to Linux and Mac because of this idiotic comment... You supposed to be one of the smartest people on the planet, you just ruined it praising a Brexit idiot."
@theresa_may @BillGates While our NHS suffers
"@theresa_may Mr @BillGates, you wouldn't be so proud of her if you knew about the human rights abuses in this country, and our government selling alms to other human rights abusing countries and terrorists."
"@theresa_may @BillGates It works for the scroungers.   As for taking advice from the man whose only real talent has been to sell us the same product about twenty times, the less said the better."
"RT @BillGates: Great leadership by PM @theresa_may and her government. Foreign aid makes the UK more secure, prevents diseases, strengthens markets, and saves lives. #AidWorks https://twitter.com/DFID_UK/status/1034433937282609153Â â€¦"
"@theresa_may @BillGates Says the man who believes in population reduction. Sorry, Bill, youâ€™re not a trustworthy or reliable  source"
"@theresa_may @BillGates I was going to add sarcastic comment, but contempt and misunderstanding ""elites"" for little people seem tragic nowadays.  It will all blow into your faces sooner or later."
@theresa_may @BillGates Leadership!
"@theresa_may @BillGates Whilst foreign aid might do these things, perhaps there is something else that does these things even better and at lower cost"
"@theresa_may @BillGates ""woopsie"""
@theresa_may @BillGates Sorry it waste of our and my money! It ok for you cos you are BILLIONAIRES!!!
"@theresa_may @BillGates Great Leadership when she is going to force the Island in poverty, rations and martial law , send the sick and disabled into futuristic dystopian workhouses manufacturing weapons ? SHE HAS RUINED MY LIFE AND MY MENTAL HEALTH WITH THE BARBARIC CHANGES TO ESA DISABILITY BENEFIT"
@BillGates jani? https://twitter.com/nid_naveed01/status/1035160276205744128Â â€¦
@theresa_may @BillGates Youâ€™re a fraud and a clown.
"@theresa_may @BillGates .it certainly works for corrupt politicians, officials, warlords, sex exploiter aid workers and the Swiss banks where a great % of it ends up. Anyone who has lived & worked in African states knows exactly how it works. Only way is hands on individual projects by good people"
@BillGates It is astonishing how Britain(England)Govt casually and easily grants asylum to the Other Country's Declared as well as alleged Fugitives.I am a layman I may be wrong and can guess that it may be INDIRECT LOOT by Britain(Earlier they looted directly from colonies...
@theresa_may @BillGates Word.
@theresa_may @BillGates Oh and there was me thinking charity begins at home. She needs to address our own aid. I.e homeless the nhs. Brexit. So sorry I would be in agreement to a degree if we didn't have more than enough problems of our own to deal with first.
"@theresa_may @10DowningStreet @BillGates Sorry Bill, but this money should be being spent in the UK, lifting children out of poverty, putting an end to food banks, etc. Try reading some of the UN reports on UK poverty, abuse of disabled people by the government. You might change your mind."
@theresa_may @BillGates as we leave the UK
@theresa_may @BillGates Crock of shit.... when weâ€™re sending money to countries with space programs while our nhs collapses from over subscriptionğŸ¤¬ğŸ¤¬
@theresa_may @BillGates And there was I thinking Bill Gates was on-the-ball.
"@theresa_may @10DowningStreet @BillGates Prove it does all those things then because as I see it, with open doors we import diseases anyway. Look at TB in the UK now. And the only way to strengthen markets is to Trade not chuck Foreign Aid at it. And save lives?  What to counter what lives we destroy in fake wars?"
"RT @BillGates: Great leadership by PM @theresa_may and her government. Foreign aid makes the UK more secure, prevents diseases, strengthens markets, and saves lives. #AidWorks https://twitter.com/DFID_UK/status/1034433937282609153Â â€¦"
@theresa_may @BillGates Great leadership??
@theresa_may @BillGates You need to read more Bill! Mayâ€™s only interest in the African continent is to get whatever grubby little deal she can when we suicidally walk away from the worldâ€™s biggest trading bloc. The welfare of indigenous African people is a VERY long way down her agenda! Sheâ€™s no leader.
@theresa_may @BillGates Was that a paid endorsement or are you trying to date her.
@theresa_may AND GIVES HARD EARND TAX PAYERS MONEY AWAY !!!!!!! ITS OK FOR YOU @BillGates  ur LOADED !!!!!!!!!!!!!
@MandyRheaWrites @BillGates HIY BILL DO U LOVE HER..MERRY HER...seem to me u love her too much...i think u and she have many common things....
"@theresa_may @10DowningStreet @BillGates What about our own poor people Mr Gates or the fact people DIE in this country as there's not enough money for drugs or the thousands of elderly who freeze to death in the UK year on year or the homeless? Don't they matter? Well, that's OUR MONEY being used to put others first."
"@theresa_may @BillGates Reality says it doesnâ€™t.... again. You people need to stop with this â€˜just because I say it, makes it real/trueâ€™ nonsense, we have memories, we watch and read about these things year in year out. #realitycheck"
@MandyRheaWrites @BillGates Nice
@theresa_may @BillGates While spending Â£billions in foreign aid the streets of Britain are turning into war zones because apparently we can't afford to have them properly policed and public services in general are overstretched and under staffed because we can't afford to pay staff. Fucking ridiculous!!
"@theresa_may @BillGates bill this is the redistribution of wealth, to some of the most corrupt politicians on the planet, this agenda is not really helping it is hindering. I would like to see support beyond charity corruption the current system."
"@theresa_may @BillGates Well met, pic.twitter.com/zaHAxARExC"
@BillGates o fuck off gates keep you dirty eu nose out of our affairs. You dirty little gusset licker.
@theresa_may @BillGates Can you sponsor me for refugee status? I fear for my life
@theresa_may @BillGates I wouldnâ€™t mind if there were checks in place to ensure itâ€™s used properly & that if a govt has a space program or nuclear weapons program they donâ€™t need overseas aid!
"RT @BillGates: Great leadership by PM @theresa_may and her government. Foreign aid makes the UK more secure, prevents diseases, strengthens markets, and saves lives. #AidWorks https://twitter.com/DFID_UK/status/1034433937282609153Â â€¦"
@theresa_may @BillGates  https://youtu.be/a_bDc7FfItkÂ 
@theresa_may @BillGates Shame the caring hand doesnâ€™t extend to the uk.
"@theresa_may @BillGates Well , some may called it paying back the counties that you stole their resources."
@theresa_may @BillGates Have you had a stroke ? Great leadership - utter drivel
@theresa_may @BillGates An American globalist patting an English globalist on the head for a globalist policy. Par for the course.
@theresa_may @BillGates Foreign aid converts cash into babies and makes the migrant crisis 100 times worse.
"@theresa_may @BillGates You should be using the foreign aid budget to fully resource every police force in Britain, to fully resource every school in Britain and to provide money for the NHS."
"@BillGates @PaulGAllen I understand, ""this is it"" the target for arts isn't advertising the artwork. I recommend you any Foucault books."
"@theresa_may @BillGates She's a traitor to 17.4 million British people who democratically voted to #leave the #EU #Establishment in the #Brexit #Referendum,  and that's a fact , she's a puppet who's been installed as #PM by the #establishment  for the sole purpose of BETRAYAL ."
"@theresa_may @JoRichardsKent @BillGates Well Bill,all I can say is your easily sold. Did you vote for Trump? If you did I can understand your tweet,if you did not then nothing about the PM or her government should appeal to you."
"@theresa_may @10DowningStreet @BillGates What about the aid for out own population for Policing, NHS and local councils. It's all well and good helping other countries but while the UK is rotting people aren't exactly going to be extatic with this announcement"
@theresa_may @BillGates Cuckoo cuckoo
".@BillGates - great leadership and @theresa_may do not belong in the same sentance.When it comes to leadership skills, these are on a par with her environmental credentials.Non-existent."
"@theresa_may @BillGates Apart from the fact the UK is still borrowing to plug itâ€™s own deficit, so weâ€™re borrowing from the banks to give money to corrupt governmnets in africa.  You can see why the elites love foreign aid canâ€™t you"
"@theresa_may @BillGates, you are the swamp."
@theresa_may @BillGates Let's not get all touchy feely and start getting our Kenyan birth certificates out on the table just yet. Theresa's foreign aid is being used as foreplay for the deals we will need to forge with countries like Burundi post no deal rapture.
@theresa_may @BillGates You really need to go and see a doctor that woman is the worst PM ever she even surpasses Thatcher and Cameron in the Evile stakes
@theresa_may @BillGates Really.. .. pic.twitter.com/KkD2pLlvhH
@theresa_may @BillGates I'm buying a mac.
@theresa_may @BillGates our foreign aid budget has already been earmarked by her ukip wing for 57 million other projects
@theresa_may @BillGates Can ANYONE please explain exactly how borrowing money to give away is beneficial to anywhere except the lender?
@theresa_may @BillGates Can I borrow your rose coloured spectacles please?
@theresa_may @BillGates You do realise she will exploit the shit out of Africa and is as part of the many western governments who are entirely responsible for African oppression and economic slavery. The idea this woman cares a jot about their welling is laughable when she sells bombs to terrorists.
@theresa_may @BillGates Crap!!!
"@BillGates and @melindagates together with the awesome team of @gatesfoundation I would love to talk about the future possibilities, where we together can help our countries ""outside in"" ğŸ˜ŠğŸ‘Šâ¤ï¸ğŸŒ"
@theresa_may @BillGates but isnt that what the british people who voted leave wanted..... to reduce the amount of foreign aid and to spend it at home on their own people?????
@theresa_may @10DowningStreet @BillGates It may well do but wot about us here who are dying with the lack of support
"@theresa_may @10DowningStreet @BillGates Balls!!! It buys Ferraris for despots and their families.... and apartments in New York and Paris....and private airplanes. You people are suckers.....they laugh at us when they sell the food, steal the money and trade the medicines. GROW UP!!!!"
@theresa_may @BillGates Bribes.
@theresa_may @BillGates Absolute bullshit .....a weak immigration policy and lack of enforcement makes the UK less secure and encourages diseases
@theresa_may @10DowningStreet @BillGates ur! How on earth can you say this now! Developing countries needed technical support years ago and Microsoft refused and did nothing .. Shame on you Mr Gates your only interested in money ğŸ’°
@theresa_may @10DowningStreet @BillGates Which planet does he live on.
"@theresa_may @10DowningStreet @BillGates  you do know that under the Tory government in Britain the number of children living in poverty has risen , the number of homeless has risen , Foodbank numbers have risen , The NHS is floundering because there is no magic money tree ...."
@BillGates What about africa
@theresa_may @BillGates If only Trump were as smart!
@BillGates
"@theresa_may @10DowningStreet @BillGates Mrs May needs to put OUR taxes into OUR country.  We have children with poor care, elderly with care that is criminal and pensioners living on the breadline and disabled who canâ€™t cope!  This is where the UK taxes should go!  Roll on election time!"
"@BillGates youâ€™re right. Foreign aid is important. Nevertheless, U.K interests should always be put before the interests of others. Our public services are in dire need of funding; homelessness and the need for healthcare is rising. Charity should first and foremost begin at home https://twitter.com/billgates/status/1034820550911131648Â â€¦"
@theresa_may @BillGates S.O.S.help..we need your voice. pic.twitter.com/4eCU2hT1YD
"@BillGates Absolutely Sir,the better the means or medium,the better."
"@theresa_may @10DowningStreet @BillGates Mr Gates, There are families in the UK with both parents working having to use food banks. IN THE UK! Mrs May's party have engineered this buy creating poverty and giving already wealthy people EVEN MORE RICHES! She's detested by the majority of people in UK."
"@theresa_may @10DowningStreet @BillGates Nothing wrong with foreign aid but the UK Tory government has been declared responsible for the deaths of over 120,000 citizens due to their enforced benefit sanctions on the poor and disabled."
@BillGates @10DowningStreet @theresa_may @DFID_UK  As long as we know it's enabling the poor & not funding fleets of private jets for some.
"@theresa_may @10DowningStreet @BillGates Gotta sell those vaccines!Yes poison all those horrible black children with viruses filled with aluminium and mercury.Your full of shit Bill and you and Theresa look good together.Stop the bullshit charity work, it's called eugenics. You just took the baton from Rockefeller."
@BillGates bbill send me money now so maby i will find this girl everyday makes me far away from her.
@Bill_Gross @BillGates Hai sar
"@BillGates Ignorance, Disease, Lack of infra-structure  &CORRUPTION...Common features of the Current political regime in The Sudan,While the Country have Huge Economic Potential e.g. 280 Million Acres of Highly Fertile Land ready for Plantation of unique Product,How can U Help."
@theresa_may @JoRichardsKent @BillGates Terrific.  Perhaps Mr Gates can put his money where his mouth is and fund the economic shortfall leaving the EU would create.  Sure that would be a real victory for the PM
@theresa_may @10DowningStreet @BillGates I take it you will be sending money to aid the South African regime that is overseeing the ritual slaughter and land grabbing of white SA farmers? #genocide #apartheid #TheresaMay #southafrica #rhodesiarevisited #slaughter #deathofthewhitefarmer
@theresa_may @BillGates This praise is not right. Majority in the Tory party don't believe that at all. More Tories would like to cut the aid budget to nothing.
@theresa_may @BillGates Uk born children with cystic fibrosis are left to die because the uk wont pay for the medicine they need - while assisting other countries with education my son may not get a chance to use his because he will be dead while the drugs he needs sit on a shelf Nhs say itâ€™s too costly pic.twitter.com/vkjOQQNufq
"@theresa_may @BillGates Aid begins at home ,in the uk Brits are having to turn to food banks because of savage measures imposed by may's DWP,lack of Council housing and rising homelessness amongst people working and unemployed ,so while you heap praise on this pathetic looking glove puppet !think!"
"@theresa_may @10DowningStreet @BillGates oh yes, and the british taxpayers are paying for it, with high crime caused by low police no., nhs suffering, just keep your opinions to the usa."
@theresa_may @10DowningStreet @BillGates Sorry Bill; but how does sending money abroad help to keep us safe at home?
@theresa_may @BillGates She has some more to hurt security overall.  Come on Bill Gates... letâ€™s not cherry pick.
@MandyRheaWrites @BillGates Congratulations Maa
@MandyRheaWrites @BillGates Help Me & My Cheldren Plaese Bill Sir
@theresa_may @BillGates Help Me & My Cheldren Bill Sir
@BillGates Hello
@BillGates RIP
"@theresa_may @BillGates How much did she pay you for this Bill, or how much do you expect to lose from us leaving the EU?"
@theresa_may @BillGates What are you on drugs?
"@theresa_may @10DowningStreet @BillGates The problem Bill is that whilst Mrs May is ""aiding"" third world countries the UK in the meantime is on the verge becoming one."
"@theresa_may @10DowningStreet @BillGates Is this a fake profile? No one ever compliments the PM, for good reason."
@theresa_may @10DowningStreet @BillGates What an absolute load of B*llocks. It supports corruption and terrorism.
@theresa_may @BillGates Sir
@theresa_may @BillGates You are wrong!
@theresa_may @10DowningStreet @BillGates foreign aid is a pittance compared with flow OUT of African countries - and Theresa May unabashedly and explicitly wants to make British aid more about UK national self-interest!
@theresa_may @DavidMundellDCT @BillGates Obviously you dont live in the UK Bill her leadership is nil her ability to control hercoarty is nil the uk will soon be requiring foteign aidcwhen we fall off tge brexit cliff edge. Must say you have gone down in my estimations.
@Bill_Gross @BillGates @elonmusk
@theresa_may @10DowningStreet @BillGates More secure from what?
@MandyRheaWrites @BillGates That's right and important.
@theresa_may @10DowningStreet @BillGates Hi Bill - there is a catch attached to all that- trade contracts post Brexit
"@theresa_may @10DowningStreet @BillGates Works for who? Agencies, Governments, contributors, politicians, recipients?"
@BillGates Hi could you buy me a pc for school my current pc is starting to dieğŸ˜©
@theresa_may @10DowningStreet @BillGates You are devil and big liar MAY
"@theresa_may @JoRichardsKent @BillGates Bill, she is a muppet and a fraud."
@theresa_may @10DowningStreet @BillGates At last somebody sees the good side if UK PM.
"@theresa_may @10DowningStreet @BillGates Bill, get off your ego, & ask why the U.K. squanders cash on 3rd world despots whilst NHS workers have to use food banks because their salaries have been cut? Or why we have so many homeless on our streets? Are you going to send aid to the U.K.?"
@theresa_may @10DowningStreet @BillGates Too bad she won't help the poor and unfortunate in her own country.
@theresa_may @10DowningStreet @BillGates Totally agree with foreign aid yes but 0.7% is really just too high at the moment unless of course I am mistaken and we are now out of austerity measures. Also Theresa speaks so confidently but we havenâ€™t a clue what Brexit will entail for us as hardworking taxpayers.
@theresa_may @BillGates All for foreign aid !!!
@theresa_may @10DowningStreet @BillGates Gotta ask.... why is Bill gates shilling ??
@GeorgiaStateU @BillGates U r right sir.. it's also happen in India.
@MandyRheaWrites @BillGates I have ideas for you to change the world. How can I tell you?You can message me via what app. 84913865679
@theresa_may @BillGates An American praising Theresa May would be like a British person saying that Donald Trump is the greater American President ever.
"@theresa_may @10DowningStreet @BillGates Disgusting truth: you two are cited on the Bill of Sale for me & my cultural artifacts when I was sold as a slave.@UNHumanRights And I came to your state's aid as Akasai Lig, when US, UK, denied my citizenry.Slaughtering worked. You fake money & lies do nothing. Bring guns."
@BillGates @10DowningStreet @theresa_may Sorry Bill-in my experience bunging #ForeignAid willy nilly simply benefits #Crooks ! #PcJobsWorth
"@10DowningStreet @BillGates @theresa_may says this, and yet cannot help her own countryâ€™s health service when they are seriously in debt! She also cannot help the poor and homeless out of poverty! Pot and kettle come to mind with the #PrimeMinister"
"@theresa_may @10DowningStreet @BillGates That doesn't mean the UK should pay more than anyone else except, of course, if you happen to be American."
@theresa_may @BillGates Gates.. your money has insulated you from reality & sense.  For the UK to be giving away a blanket 0.7% when our NHS is broken and on it's knees is a national scandal.  Pensioners selling their homes so they can pay to die in a private nursing home is disgusting!
"@theresa_may @10DowningStreet @BillGates Is Mr Gates going to dig into his pockets and pay for this Foreign aid, as we have a not few  British subjects in poverty in the uk?"
"@theresa_may @BillGates Don't be ridiculous, you obviously know absolutely nothing about her.  She is an evil, selfish woman leading the most corrupt UK government in modern times.  She is in the process of ruining our country, especially the lives of young people. Shame on you."
"@theresa_may @10DowningStreet @BillGates Just words, Bill ... do hold her to account though so she delivers and please ask her teh difficult questions if she (in your eyes) fails."
"@theresa_may @BillGates Mr Gates, you are very clever chap, but You. Clearly. Have. No. Idea. About. Brexit. Or. Tories."
"@theresa_may @BillGates Bill mate, she couldn't lead a horse to water - keep up."
@BillGates You have been just mentioned in our last blog post 26 Crazy Short Stories of Eccentric Entrepreneurs. Share your opinion with us after checking the article!#innovation #entrepreneurship #entrepreneur #startups https://tinyurl.com/yc3nbzcsÂ 
"@qz @BillGates ,you are a very wealthy and handsome man,am EZENNUNU from Nigeria"
@theresa_may @BillGates Mate. Mate. Maaaaaaaaate.Have you seen any of her other work?
@theresa_may @10DowningStreet @BillGates FFS you really need to be careful about who you endorseTories are heartless monstersThis aid will be conditionalA slice going back into their own pockets
@theresa_may @10DowningStreet @BillGates no the money should be spent public services in this country fact the end
"@theresa_may @10DowningStreet @BillGates Bruv, you don't know the half of it."
@BillGates Quran says that save yourself as well as your family  from hell fire  this is very very important even from the invention of computer visit of the moon treatment of the cancer from each and every thing this is very important
@DonorsChoose @FauziaKasuri @BillGates Have u taste buds.
@BillGates  one might thinks about himself that he is the most intelligent and successful man in the world but successful man is tha one who save himself from hell fire in the coming infinity life
@BillGates Quran clearly says don't die with the belief other than islam that submit you will to almighty god
@BillGates  read Quran available in English translation and decide by yourself please please and save not only yourself but your kids relatives from hell fire because Quran is a Devine book that admit bible also and no body can challenge Quran in this modern technology please red
@BillGates sir I have one question if you can answer that is if some one is trying to save some body from hell fire irrespective of any personnel benefit what will be your rating for that man
@BillGates  being a so wealthy and educated having great common sense why I can't deliver you a good message of islam that will give you advantage both in this world hereafter
@BillGates sir Bill gate every body will die this is my and your belief but what will happened with every one in the hereafter bible touched some things but bible is corrupted by historians and many others
@MandyRheaWrites @BillGates Help me 0x2bD71921c4dC7DB8E4eB329a6Aa52da537e345D3 eth please
@BillGates I would like to know why in the world is my computer updating every 2 days. Software have crashed all my 4 computers. When will this dam update stop.
@BillGates I have everseen your positive thinking so far as I studied you.
@BillGates Your great remarks for Kofi Annan. I liked your remarks very much.
@BillGates Assalam O Alaikum. I am here just to suggest that mosquitoes may be disliked but not hated as they are also creation of Allah and have not been created with and on their own choice. Regards: Mirza Asif
@BillGates still waiting on 5 hundred and 20 million dollors.
@BillGates Book your holiday through  http://GoWormy.comÂ  and be in with the chance to win a holiday for 4! Winner announced 25th December 2018
"@BillGates .... way,all that I can say,I can easily succeeded to all Your beauty handle,Oh Love bundle.REGARDSM.K.@pugalia_madan KOLKATAINDIA."
"@BillGates  A BIT  SCANDAL...Give Me Your choice,then listen to My louder voice,Love never need Tender,Love never goes with blunder,with good all You handle,Oh beautiful bundle.....The Magic of Love I feel,never I forgets You, Death till,this is My Resolution in Love.."
"@BillGates  GOOD 30.08.18 NOON RESPECTED SIR, HERE IS MY ADVANCE COMPOSITION OF  http://11.04.19.NOÂ .2252.' ACTIVE MIND'S ACTIVE DEMAND,MUST I COME WITH A PARTY OF BAND,THIS IS JUST FOR YOU,FOR ALL PERIOD YOU ARE FOR ME, NOT NEW,OH BEAUTIFUL BUNDLE,LOVE IS LOVE, WITH..."
@theresa_may @BillGates Really Bill? 'God' help the planet
"@BillGates .... is Love ,not fun,I'm Your Love saver,Mind is for You forever....regards,M.K.@pugalia_madan 99 DPJM SARANIBHADRAKALIKOLKATAINDIA."
@TheRideshareGuy @BillGates Ok this stat is misleading.
"@BillGates ... IS FOR YOU FOREVER...A good suggestion I need,for You 100% I'm fit,so give Me NOC,Mind is ready for further talk,never say to Me Never,Mind is for You forever....Love never demand scrutiny,example exists so many,for all period Love gives slogans,Love.."
"@BillGates  GOOD 30.08.18 NOON RESPECTED SIR, HERE IS MY ADVANCE COMPOSITION OF  http://10.04.19.NOÂ .2251.' WITH YOUR UNIQUE LOOK MIND RUNS,LOVE DAILY INCREASES WITH further DEMAND,OH BUNDLE OF LOVE equipped WONDER,BLOW WEATHER THUNDER,WAITING FOR YOUR APPROVAL,MIND...."
@BillGates Every student in the world deserves a great education
@theresa_may @BillGates but should we really have to borrow Â£14billion a year to pay to for it.
@theresa_may @BillGates A lot needs to be done incorporate African states into the world success story
@BillGates Great
@MandyRheaWrites @BillGates I wish I have knowledge in future ğŸ”® like yours and am working hard
@theresa_may @BillGates Bet last thing you do with your charitable Funding & Disease Research is Pay anything to Governments RTW but May will-sheâ€™s a disaster
@BillGates Atlas Shrugged! https://twitter.com/7thprojection/status/1034631242870865920Â â€¦
"@theresa_may @BillGates Sorry Billy boy NO! That money should be spent on our own infrastructure and helping our own first ,homeless vets and poor families that actually need it not ponce it , NHS ,Education, Police ğŸ¤” but you are right about disease ğŸ‘ but that's more a border issue âœŒ#NOMORE"
@Bill_Gross @BillGates No comment
@MandyRheaWrites @BillGates I admire ur helpquence sir
@MandyRheaWrites @BillGates Teacher like??????
@BillGates Good one
@Bill_Gross @BillGates Nice work
"@theresa_may @BillGates Great leadership ffs mate , donâ€™t smoke crack"
"@BillGates Hi sir,my name is Shabbi ,I belong to Pakistan now a days in Malaysia, my date of birth is 100-04-1962,I want to start my own small food business , but I have no money.can you help or barrow me  some amount please?SincerelyShabbir+60165142067"
"@Bill_Gross @BillGates A widespread reliance on renewable energy that is not backed up by a huge amount of storage, and or some form of nuclear power would in fact be suicidal for humanity, because now and then volcanism sends the Earth into a winter that lasts for years and that means less energy."
@theresa_may @BillGates Great PM
@BillGates every student of the earth land should be given best of the best education then only we can achieve the goal of Humanity.
@theresa_may @BillGates I am big fan to you sir jee
@BillGates sir ur rich person so every thing is goodBut mostly people not happy
"@theresa_may @BillGates Sadly we are not wealthy enough as a nation to contribute further. Over to you Mexico, Belgium and Morocco."
@qz @BillGates public and private institutional involvment and their commitment should be necessary.
@MandyRheaWrites @BillGates We need to follow the people like these to set example not only for this generation also for others
@theresa_may @UKinDRC @BillGates Really?
@BillGates hi
@MandyRheaWrites @BillGates Yes's because a good teacher bring d good in is students.
"@BillGates hellow sir this is mr ouma victor from Eldoret university ,the deal we planned has not yet materialised .I hope i will have that opportunity to talk to you thank you"
@theresa_may @BillGates Firstly look at the personal wealth of Theresa May and The President of South Africa... maybe there is a clue there as to where the money gets filtered down to ...
@RIPTIRE @MandyRheaWrites @BillGates @riptire
"@theresa_may @BillGates TM is privately selling off our country and its crippled our railway, health system, and she's doing arms deals that end with the death of kids.. great work, all while pay rises in HOP and tiny increase for avg Joe. She's also killing thousands of disabled ppl with policies."
@BillGates That's need in India and change the Indian education system. I request you sir please help India through your guidance. We need that please support to indian students who are brilliant.
@theresa_may @BillGates What gives her the right to give away British Taxpayers money like that ?. South Africa is a wealthy country but is mismanaged by crooks.. WHY ? Why must we pay ?????
@theresa_may @BillGates  pic.twitter.com/788GPpmt3p
@BillGates Every student in *the World deserves a great education.
@BillGates Hello Mr. Gates. My name is Dominik and I am poor student from Slovakia. I recently wanted to buy some old car cause of my commuting to school but i do not have enough money from part-time job. Would you be willing to help me out somehow please ?
@theresa_may @BillGates Amen
@BillGates I'd like to live with British rights in London since I'm waiting for my British Passport from 2013. I'm working hard to close this chapter in order to work on more IT Projects. The sooner we move to new chapter the better quality of career & creating more jobs for society.
@BillGates http://www.parentingnation.in/baby-photo-contest-india/Babyname_Shrihit_530328Â â€¦
@theresa_may @BillGates Party at mine when Bill pops it.#notlongnow
"@theresa_may @BillGates you clearly have no idea of how she is running the u.k into the ground with policies to help her rich friends and total incompetence when it comes to brexit , she's a poor leader with no leadership skills at the helm of a party with no proper moral compass"
@BillGates Every Student deserves a great education.
"@BillGates Sir,, PLEASE READ THE LETTER AND RESPOND TO US..KIND REGARDS,SHACHINDRA . K. DUBEY pic.twitter.com/PXCAX4L4Tf"
"@Bill_Gross @BillGates In my opinion H2 should be one way to go. Another thing not to forget, is to save energy. This is a thing erveryone can do, but of course companies and governments can have a big impact; and also should take their responsibility. Like in user products or mobility."
"@BillGates Dear Bill Gates, Warm regards.For a pretty long time I have an idea on Global warming ,You did many things and opened up the world to a different level.History has enriched her pages to find a person like you.I would be very happy if I could share my with you."
@Bill_Gross @BillGates Great innovation and yes we do need more greater ones.
@BillGates A student anywhere in the world deserves a great education.
@theresa_may @BillGates Bill you and your foundation are doing fantastic work and have changed the lives of millions for the better but you really have it wrong in this instance. May is utterly incompetent and weak. Her funding of despotic regimes changes nothing.
@Bill_Gross @yhriver @BillGates Big idea..
@BillGates Every student in the world deserves a good education.
"@theresa_may @BillGates Think she should sort out her own country,before wasting money going into dodgy countries elites bank accounts"
"@Bill_Gross @BillGates If we use blockchain to manage energy storage - it'll become more effective even on existing technologies. For example, we can use Universa's blockchain"
"@Bill_Gross @BillGates That's good especially to the small countries where an electric power is a big challenge, the proper and efficient storage of electric power from their small sources(by such nations) may help an availability of this power for along period of time .so have to be adopted"
"@theresa_may @BillGates Foreign aid doesn't work or you wouldn't be putting us taxpayers in hock to the tune of Â£13Bn p.a. Trade not aid.If you think it works, how about some detailed accounts? F'ing hopeless at everything she touches. except for virtue signalling at our expense.#MayMustGo"
"@theresa_may @BillGates Bull does it. Firstly sheâ€™s complicit in the murder of white farmers. Foreign aid Never reaches the ppl that need it, itâ€™s used for anything other than what it should be.Time foreign aid was stopped, reorganised properly by honesty. There should be no poverty in this day and age"
@theresa_may @BillGates Yep cuz once you have Utopia at home you really want to helpOh wait I see a fly
@BillGates I want a teacher like @MandyRheaWrites
@MandyRheaWrites @BillGates Thanks for wishing great Sir !!If person like you wish by heart it will be completed by God !!
"@BillGates Not just America, every student in the world deserves a great education."
@theresa_may @BillGates Even a broken clock is right two times a day.
@Bill_Gross @BillGates Completely agree . Each country should put 50 PhD per year  on this. Return would be so significant.
"@BillGates Most importantly, we need to work on integrating energy storage solutions into our every day lives."
@theresa_may @DFID_UK @BillGates If itâ€™s such a success why do you only spend 0.7% of your budget on it? For the whole world? You spend more on treating Type 2 diabetes in the U.K.  than fighting poverty among tens of millions of people. Delusional nonsense. But it makes you feel warm and fuzzy.
@BillGates Every student from all over the world deserves best education. So as America.
"@theresa_may @DavidMundellDCT @BillGates Meanwhile back in UK, people with inherited cystic fibrosis- cannot get access to precision medication as Vertex want too much money and this government wonâ€™t pay. Theresa May stands back and does nothing! Need Vertex to drop price and government to raise their cost limitation."
@BillGates As long as they are not indoctrinated by leftist propaganda
@BillGates I agree ğŸ’¯ğŸ’¯ğŸ’¯ğŸ’¯ Mr. Gates! ğŸ‘ğŸ˜ƒ pic.twitter.com/8FvQXVpmgt
@theresa_may @DavidMundellDCT @BillGates Is this a parody account? TM is undoubtably the worst PM in my lifetime
@Bill_Gross @BillGates We all knew & learnt of potential energy but this application is mind blowing. Innovative to the core.
@BillGates  hi bro mam pium madushanka
@MandyRheaWrites @BillGates we always respect teacher becouse they build up a nation.thanks
@Bill_Gross @BillGates Interesting
@Bill_Gross @BillGates Can feed small local requirements but it's not reliable for grid stability...
"@DonorsChoose @BillGates At DonorsChoose, find your schools, from elementary to high school, that could use a little help and the Bill and Melinda Gates Foundation will give your dollars an extra boost.  It works wonders."
@Bill_Gross @BillGates Guessing it wouldâ€™ve been a really good idea to put solar powered windmills all the way down this huge freeway they call I5 in Californiaâ€¦ What a good idea... not in any manâ€™s thoughtsğŸ¤¦ğŸ¼â€â™€ï¸
"@theresa_may @BillGates It's not great leadership or financial prudence donating Â£14 billion in aid most of which gets syphoned off by the corrupt regimes receiving it, when UK national debt is Â£1.8trillion with interest payments of Â£48billion & current account deficit of Â£23billion."
@MandyRheaWrites @BillGates Yes it's better
@BillGates Every student in India too deserve a great education
@BillGates https://twitter.com/whastage/status/1034500031729086464Â â€¦
@MandyRheaWrites @harishchand314 @BillGates They do. We just need to pay them.
@Bill_Gross @BillGates halloo bill
@theresa_may @BillGates ì•„ì¢†ë‚˜ì•ˆì£¼ë„¤ í†¡ë„ ì•ˆì½ë„¤ ì´ëŸ°.. ë­ê°€ ì´ë ‡ì§€..  ê·¸ëŸ°ìƒê°..  í¸ì˜ì í•˜ë©´ì„œ ì¸í„°ë„· ë´£ë‹¤í•˜ë©´ëœë‹¤
@BillGates One big step for NYU to provide free tuition for medical students ğŸ‘ğŸ‘ğŸ‘
@theresa_may @BillGates kick out Poles for being poor that's the mindset. Aid is just an excuse to interfere into under-developed countries to exploit their natural resources.
@theresa_may @BillGates not paying bribes to push weapons of war into Saudi Arabia that has murdered Yemeni children helps make UK better secure.
@theresa_may @BillGates ë¶ˆê¸ˆë‚  ëŒì•„ì˜¨ë‹¤  ì˜¤ëŠ˜ì€ ì´ê±¸ë¡œ ë§Œì¡±í•˜ì.. 3ì‹œë‚˜ë˜ë©´ ë§ˆì‹œì ê·¸ê²Œë‚«ë‹¤ 5000 3500  2000  1500
@BillGates W/out a U.N. investigative committee on global election fraud Democracies +republics around the world are sitting ducks. Telecom and Tech need to come 2gether to end the masquerade #Setup1!
@theresa_may @BillGates Tinpot dictators have got to get their fleet of Bentleys somehow!
@BillGates Check. Thatâ€™s exactly what we do at @teach_united Because all kids deserve a great education no matter where they live.
@BillGates @JeffBezos @MarkZuckurberg @richardbranson @Naveen_Jain_CEO @elonmusk @MikeBloomberg @Oprah @WSJbreakingnews pic.twitter.com/mtOhWZnLGn
@Bill_Gross @BillGates superb @sir
"@BillGates thanks for the excellent work you do, I would love to get to know you and work for you, I am in marketing and have a great contribution to make"
@BillGates Greater thought and great man you so sweet
"@Bill_Gross @BillGates As a middle aged man, I feel that gravity is getting stronger as the years go by."
"@Bill_Gross @BillGates That is a fascinating way to store excess energy , you could pump cool water up to a tank during the day , the heated water could be cycled back down threw a H20 turbine at night based on the same principles , although a compact graphene hybrid capacitor would be just as effectiv"
@theresa_may @BillGates Bill Gates whatever you call youself you and you racist people never aid nobody. The only plan this racist women and you Europeans have is to kill all Africans with evil aid. But I can blame you people because weak African leaders accepting that. Racist evil people
@MandyRheaWrites @BillGates Please help
@Bill_Gross @BillGates Bill please help
@MandyRheaWrites @BillGates ğŸ˜ğŸ˜
@theresa_may @BillGates Europeans never aid anybody therefore this so call aid with weak and very very dom African leaders is just a new disease coming to finish Africans. Is centuries that Europeans and all they're racist evil organisations talking about aid to Africa but what change in Africa?
"@Bill_Gross @kstreet111 @BillGates Please let @Govjerrybrown know that better energy storage is on the horizon, so he will stop pushing for bad bill AB 813. Donâ€™t give away CA control of our own energy! https://www.google.com/amp/s/www.mercurynews.com/2018/07/17/editorial-california-should-kill-electrical-grid-power-play/amp/Â â€¦"
@MandyRheaWrites @BillGates Stone Sour~through the glassJewel ~who will save your SOUL
@theresa_may @BillGates O please! Your smarter than this
@BillGates And people take more lifes then any specie on earth.
"@Bill_Gross @BillGates That is neat!  Once the energy is stored, it is stored without losses.  You could store energy on flywheels, but you have losses as long as it is being stored. So maybe better for short term storage."
@MandyRheaWrites @BillGates Have you had it already?
@MandyRheaWrites @BillGates Some testimonials of previous workshops: https://gmcouncil.weebly.com/testimonials.htmlÂ â€¦About Master Prabodh (Facilitator for this session) https://gmcouncil.weebly.com/about-prabodh.htmlÂ â€¦Few photos: https://gmcouncil.weebly.com/photos.html.KindlyÂ â€¦ check though there are many other noble wrks still secret waiting to reach r8 ones lyk u probably
@Bill_Gross @BillGates Great idea ğŸ’¡
@MandyRheaWrites @BillGates You can learn many interesting things amd experiments done by Prabodh musipatla sir x-software in U.S.A who also some many noble works in  http://pssmovement.orgÂ  etc.ur financial assistance to his n our team shall b very helpful fo us. Thank you so much sir.Hope to connect u both
@Bill_Gross @BillGates Fantastic sir
"@Bill_Gross @BillGates Mr. Gates, how about a research for better recycling management of chemical substances including batteries? It's going to be very necessary since almost everything runs on batteries and electronics including solar panels do make use of chemical substances."
@MandyRheaWrites @BillGates Law of karma pulls back souls back to earth if any of their any action causes not so good to many ? Like if any business people deals with mines then next life they must pay back to mother earth any needed thing doing to stones sir. 3d earth who fulfilled 3d experience goes high
@Bill_Gross @BillGates Mr. Gates. The WORLD did not know this!! Thank you so very much! God is WONDERFUL!! Sincerely Shellie Gary
@BillGates Mr. Gates. You and your organization are the Very best! Thanks for everything!(smile)Sincerely Shellie Gary
@BillGates We will NEVER solve the global threat of election hacking unless there is a U.N. investigative committee. Tech and Telecom giants need to work with allied forces. Global leadership is a failure as of today.
@theresa_may @BillGates Theresa May is using â€œaidâ€ as a carpet for the interests of the UK government and pushing â€œtied aidâ€ as a way to help. In what world is that a representative of â€œgreat leadershipâ€ Mr. Bill Gates ?
@BillGates Stop Supporting @theresa_may she is a wolf in a sheep's clothing. https://amp.theguardian.com/global-development/2014/jul/15/aid-africa-west-looting-continent?__twitter_impression=trueÂ â€¦
@theresa_may @BillGates  https://amp.theguardian.com/global-development/2014/jul/15/aid-africa-west-looting-continent?__twitter_impression=trueÂ â€¦
@MandyRheaWrites @BillGates Like you higher famous ppls toghtr must encourage people to gradually become vegetarian and meditate as only ritual dear sir. Souls journey book by Peter Richelu basics that if can be published all main newspaper kindly
@MandyRheaWrites @BillGates ğŸ‘ğŸ»
"@theresa_may @BillGates Great? she said it was OK for the govt to steal people's land, she is a ghoul"
@BillGates We need a U.N investigative committee on global election fraud. Democracy around the world is under threat. Tech giants need to come together with allied forces and share evidence.
@MandyRheaWrites @BillGates Nature is best teacher to us all in common though elder generation is there to facilitate well the next generation all equally.. can't we see how air pollution and sea pollution and earth bearing are becoming sir wen Jesus told love ur neighbour(country) as you love urself
@MandyRheaWrites @BillGates Me too
"@theresa_may @BillGates That's  responsibility for people,  not a only fame"
"@theresa_may @BillGates May, probably paying your bills, Bill?"
@MandyRheaWrites @BillGates Nice
@BillGates What do you think about coming out with a Microsoft Windeows 11 And a new X-box 2 it should work Bill Gates.Thank's Ya holograms would be good.Eny thing el's.Have a good one.
@theresa_may @BillGates êµ¬ë‹ˆëˆ„ë‚˜ë³´ë©´ë«ë‹¤ ê·¸ë ‡ë‹¤.. 2ì‹œê°„ ê±¸ë ¤ì„œê°ˆìˆ˜ë„ì‡ì§€ë­..  ã…‹ã…‹
@theresa_may @BillGates ì´ê²Œ ë¬´ìŠ¨ì§“ì¸ì§€ ì›ì°¸..
"@BillGates I read all ur notes,tho atm won't respond,it's not fear,bit not to hurt others coz my Intel is 'intimidating'. A kind person,made a press news on sanctity of  http://s.mediaÂ  'neglect' n do ur work, well,that's wat am doing, ignore n settle in  http://France.asÂ  a"
@Bill_Gross @BillGates Thank you Bill.  So cool!!
"@BillGates Hi could you help me in a transfer of one hundred thousand dollars for a house to my family, the bank is BBVA BANCOMER, the IBAN account is 00745685000456156932, SWIFT is BCMRMXMMPYM and the ABA is 021000021 samuel LÃ³pez Mendoza"
@MandyRheaWrites @BillGates Helppp plsÄ°
@BillGates #educationisthefoundation pic.twitter.com/5MjU7RRcdQ
@BillGates I like microsoft and I wish to join someday
@MandyRheaWrites @BillGates Truth
@MandyRheaWrites @BillGates The world would be a better place to stay
@BillGates Your Purchasing the UK Number One Bank Plate  N1 BNK Would Complement Your encouragement for Leadership aiding the Strengthening Of Markets. pic.twitter.com/aORKNnZT4g
@BillGates ÃŸ.a.s.e. Would like to offer 2 options for the conclusion of ur â€œ50 Legacyâ€(1968-2018)! 1. Become a ÃŸ.a.s.e. Ninja (& Base healthily sit on Billions)Or2. Net worth drop under $1M & donate ur fortune to ÃŸ.a.s.e. Charity!ğŸ‘ or ğŸº
@BillGates  Sir I am sign with agreement also please consider with me. I have need help with u it's very emergency. 917092325454
"@theresa_may @BillGates Theresa May flies the flag for Britain and is heading for a fair deal with the EU. Jeremy Corbyn, meanwhile, is still mired in Muslim terrorist admiration and anti-semitism and has completely misjudged his role. A complete plonker who is not fit to lead the Opposition party."
@BillGates Sir I have need help with you min. of $45000 it's very emergency in   today. I will be return in $60000 with in 10 months 917092325454
@BillGates Sir its request only please consider with its very argent. I have need for only one chance 917092325454
"@BillGates This is my account details C.Mohanraj, YES Bank Ltd. A/c No: 059491800034603 IFSC Code: YESB0000594"
@BillGates Me doy cuenta por las Ãºltimas publicaciones que el Sr  Gates se interesa por la educaciÃ³n y sus educadores
@theresa_may @BillGates  https://www.fiverr.com/dynamicduo100/format-your-citations-and-reference-list?context_referrer=gig_page&source=other_gigs_by&pos=3&ref_ctx_id=94df02c1-8406-4cbf-976d-f6be6243ed09Â â€¦
"@theresa_may @BillGates DIFID rips off not only the British tax payer, but also the very people the aid is meant to be helping.Just take a llik at administration costs, wages and how OUR money ends up in the wrong hands!"
@BillGates A true Patriot.
@MandyRheaWrites @BillGates Well said sir
@Bill_Gross @BillGates While Iâ€™m not saying to stop but with coal fired generators being shut in and no answers on cleaning what comes out the stack? We send rockets to the moon and mars but canâ€™t clean the crap in a chimney??? Sad.
"@Bill_Gross @BillGates I agree, however why are Governments spending millions on windmills and solar panels knowing full well that there is insufficient storage to accommodate. By the time this storage gets to market the windmills and panels will be obsolete and need more $$$$$."
@BillGates Every student in the world Bill.
@MandyRheaWrites @BillGates Nice
@MandyRheaWrites @BillGates Okay If that happens I will go back to school all 7 days
@Bill_Gross @BillGates Interesting! Thank you! Another alternative to the LI batteries can be sodium-sulfur batteries. Japanese companies are currently making progress in this area ...
@MandyRheaWrites @BillGates The pice of a dr pepper just went from  aluminum 16 oz. 99 cent.  Plastic 1.89 . Plastic is more expensive than aluminum.
@MandyRheaWrites @BillGates You may have started ww4. you rerouted all the mail in the world threw the web. You and mulsk have together trillions of dallors.  I tried face book and twitter. The united States postal service put a man on the moon. How much we're stamp in 1965. America should have trillions
@theresa_may @BillGates Denmark has a much more effective foreign aid policy. #AidWorks https://www.bbc.com/news/world-europe-40588246Â â€¦
@MandyRheaWrites @BillGates ğŸ˜„ğŸ˜…ğŸ‘ ;)
"@MandyRheaWrites @BillGates ... makes sense to include ''Mandy Approach'' in teaching methodologies and train teachers accordingly, everywhere. after all, quality' teaching  builds students' life n future too."
"@Bill_Gross @BillGates Although the wind stock expression is not the most appropriate, partly the challenge cited here is what @dilmabr wanted to say to the respondent on the subject"
"@Bill_Gross @BillGates They should use the concept to turn a landfill into energy storage. No need to use expensive and energy-hungry concerete. Stack containers of packed garbage. Less dense, but cheap and delivered right to the site."
@theresa_may @BillGates Parasite tax avoiding globalists
