"@CIA Could you provide an insight into why the number of people employed at the CIA is classified, and how that number being known to the public would compromise the nation?"
"@CIA You just contradicted yourself! In this tweet:  https://twitter.com/CIA/status/1034866941587087360?s=19Â â€¦You named ""police officer"" as a CIA Officer title/position. Please clarify https://twitter.com/CIA/status/1034868079329718274Â â€¦"
@CIA Yes. Those US elected reps are so willing to hold you accountable without fearing any repercussions...#vault7 pic.twitter.com/eHU0hG83xP
@CIA why did you sent a bioluminescent agent of african descent to kill terry a davis?
@CIA So who was held accountable for killing JFK?
@CIA @GCHQ @INTERPOL_HQ @TheJusticeDept @SethAbramson https://www.businessinsider.com/russian-vnesheconombank-trump-toronto-hotel-2017-5Â â€¦Toronto Trump Tower Developer's $100-Million Payment Linked To Kremlin https://www.huffingtonpost.ca/2018/07/13/toronto-trump-tower-russia-alex-shnaider_a_23481344/Â â€¦
"@CIA This is vapid. ""The American people"" is not an actor. It's 300m-some-odd individuals all acting toward their own ends. They care not what the CIA does.The CIA has no oversight and does whatever it wants wherever it wants. You'd have been better off to not mention tweet this."
@CIA Nope.
@CIA ğŸ¤£ğŸ˜‚ğŸ¤£ğŸ¤£ğŸ˜‚Ah... Sigh... pic.twitter.com/AXTWfz13Ni
@CIA tat2 equipment swiss gear carhartt birth cert tax form pic.twitter.com/2cqT0v1fBh
@CIA Womp womp  https://www.nytimes.com/2014/08/01/world/senate-intelligence-commitee-cia-interrogation-report.htmlÂ â€¦ https://twitter.com/CIA/status/1034867292511846400Â â€¦
@CIA Hi!  Leave the Trotskyite Commie psychopath ranchers eating breadcrumbs thrown on their faces by  Saudi Camel fuckers and join my team of #BluePlanet.
@CIA  Hi! I hope you like my critical analysis to debunk myth on CIA.
@CIA give us back Terry
@CIA  pic.twitter.com/Qj082bwuzr
@CIA  pic.twitter.com/fDNoCfGKku
"@CIA That he watched happen, did nothing about, then he questions whether or not I'm a victim."
@CIA Just like this.  You're sitting there I bet wondering how this could happen!  All the while you've watched crimes committed for years.  Unanimous approval FBI Director!  That's the special counsel.  It's an abdication of the current FBI because they're probably all old cases.
@CIA He must have been taking the paperwork demonstrating the military laundered money via a cartel in the Carribean as an alternate theory to the SFG investigation.  Then following that paper trail to Iraq.  Then claiming Iraq was the reason they laundered money.
"@CIA Is it ignorance?  How?  You're sitting there watching crimes committed as FBI Director for 12 years and you're trying to solve crimes via watching crimes committed.  I will follow a drug deal to a source, but I'm following Stanford Financial Group to Tupelo."
"@CIA LMAO !! What a joke, the only thing you and the FBI are doing is NOT doing your jobs."
"@CIA Look at all the ""intelligence"" Ferris Mueller and the intelligence community have.  So do you read what's on the paper or do you just have the paper?  He's really high IQ.  He has all the paper reporting all the crimes, but he's outside smoking cigs.  IQ 589538958 pic.twitter.com/qaafiWxkEU"
@CIA thanks you
@CIA That man ran the FBI Headquarters for 12 years.  LMFAO.  No wonder everyone in politics unanimously approved him under democratic controlled office of the POTUS.  Ferris Mueller taking all the cigarette breaks.
@CIA Ferris Mueller missing all the crimes.  They were right under his nose more than likely and they labeled it a white line related to national security right before leaving the beltway.
@CIA It must be because he's a Marine.  So is General Dunford.  So were the Marines arrested for rape in New Orleans.  That must mean people in the higher levels of the military are subject to the law.
"@CIA As the elected representative who ""oversees"" the CIA would say... pic.twitter.com/ecHkksosHy"
@CIA Why does Ferris Mueller continue to run things?  He missed the days when the crimes were committed.  Must have been outside smoking cigarettes.  Nice work Chuck Todd.
@CIA Bump
@CIA @cia I AM 495 THO! Do you remember when you joined Twitter? I do! #MyTwitterAnniversary pic.twitter.com/l4FmQvTD84
"@CIA You're accountable to us? Wow, good to know.You're all fired."
@CIA Thank God my father is not alive to see the trivial crap agency employees get paid to do today. The idea of a CIA public relations effort should be a joke.
@CIA https://twitter.com/yeezy_e/status/1035686466737729536Â â€¦
@CIA The Spy Gate of China and the Chinese Facebook . http://www.foxnews.com/us/2016/08/02/fbi-tech-pleads-guilty-to-acting-as-agent-china.htmlÂ â€¦ pic.twitter.com/qaKbWaFOxJ
"@CIA Is it myth or fact that you clowns sell guns and street drugs (even to Americans), the profits from which you use to conduct operations outside the oversight of Congress and unaccountable to the American people?"
"@CIA Sometimes you do, sometimes you don't. Let's ask Reagan."
@CIA even this remix. Nice! THROUGH the DOOR!  https://youtu.be/_hi3WCIjuHoÂ  N yalla!
"@CIA i like this, beautiful vid. Future MEMORIES! https://youtu.be/QpLrjifXT1wÂ "
@CIA ...how has this post not been ratioed? Geesh...
"@CIA fyi....i'm controversial, ever since birth. This is my 2nd Twitter acct. If this one too gets suspended, I will be making another one."
@CIA I call bullshit!
@CIA still assassinated people in sovereign countries in 2018! @IntlCrimCourt WTF are @UNHumanRights doing about those #massmurderer$ on @WhiteHouse #payrrol?
@CIA @FBILosAngeles https://www.pscp.tv/w/blm_2TF4blFyeU1MQVZ6RVl8MWpNSmdFRVlkb1lLTIQL6fvUf4sLZVgKS5sHnw1g_fr1RTROyQo9AuaJbI9pÂ â€¦
"@CIA the watchers, aka Miminus, maybe too?"
"@CIA actually i was thinking of it, cuz i was asking myself who to call in case if i get attacked by group of ppl... Who can back me up? Lol"
@CIA @FBI @DOIPressSec @eminem313quotes We would like a Federal Criminal Investigation against Harry David due to press related offenses. This would be in honor of my future husband who will inherit a public asset as a King. Public announcements will be requested.
"@CIA @NASA i remember when in 2011, i tried to call the reptilians, closed my eyes, then opened them, looked up to the sky n saw a brown triangular spacecraft in reptilian scales fly through the clouds! Was amazing! Cd even see kinda waves around..."
@CIA https://m.youtube.com/watch?v=GAamgBPebskÂ â€¦
"@CIA IF there is another Civil War, it will Republicans against Democrats. Us Republicans motto is: God, Country, Family. Dems is: Illegals."
@CIA What about NSA?
@CIA Lol. Good one.
@CIA Dont forget assassins! pic.twitter.com/YG5Qa5xY8n
@CIA CIA leadership = CORRUPTION
"@CIA typical on Fridays till Saturday morning, only shitty clients with shitty behavior! Playing the tough guys! I think next Friday I'm staying at home!"
"@CIA Overthrowing governments, black ops, extrajudicial killings and drug running. Among other less savory things"
"@CIA if the salary is well above $400,000/y, (tax free), you are allowed to contact me with a well crafted proposal.Otherwise, no way.I'm only interested in Black Ops."
"@CIA How good would it be if I could be an agency member, alas!"
@CIA It was very enlightening.
@CIA God's army has been doing some good work on the designer drug party in China...we will stick with it...
@CIA make HOLY Proud
@CIA Extraordinary things like installing genocidal dictatorships in Guatemala
"@CIA ğŸ˜‚ 1 time in ZH, i kicked out a client! N b4 i threw him out, he said ""sry if i scare u!"" and i replied ""who said I'm scared of u? I don't fear anyone!"" ğŸ˜‚"
"@CIA u see, sometimes this job is making me aggressive! Losing nerves!"
"@CIA again a shitty client just came! Bad mouth! I told him ""listen, i don't have time for shitty talk, if u don't trust my service then choose someone else! Cuz if i sd ve some problem with u in middle of massage, u can b sure, I'm gonna beat up ur dirty face! Okay!"""
"@CIA Not drinking martinis is good, but as your doctor, I should also advise you to cut down on the random hook-ups or at least to wear a condom."
"@CIA Ah so if those elected representatives were to say ask for documents or records, you'd turn them over in a timely and forthright manner?"
@CIA Bro...you have been lying since day 1. No one believes you anymore. Just Stop. We know you exist to subvert and destroy. Your sad rendition of the boy who cried wolf is pathetic. Government is force. Force is never moral or justified. Period.
@CIA has done it again! What wacky hijinks will they think up next??? https://twitter.com/smallwars/status/1035620557042212864Â â€¦
"@CIA in regards to all this open relationship bullshit propaganda, the regular woman, who perhaps has little to no, sexual marketplace value, has to feed that bullshit to her beta boyfriend,"
"@CIA Sorry, just watched three seasons of Homeland and my imagination is running wild.  Is it better to start with the pulling of finger nails or should i go straight to waterboarding? Fuck it letâ€™s just drone strike the fuckers. Man I would be a bad ass station chief ğŸ˜"
"@CIA The everyday employees of the CIA, I trust. Their former director, John Brennan, I wouldnâ€™t trust to feed my puppy. His involvement in the on-going Hillary email debacle and subsequent Trump so-called Russian collusion is evidence of his evilness."
"@CIA i think that if 1 day i sd b lost in the ocean surrounded by sharks, the Orcas wd come save me! If no, why do i often dream of orcas? 1st time i dreamt i was caressing orcas, i was in Patagonia, i recognized this place when i saw on TV... The wolves of the sea! ğŸ’"
"@CIA my half-sister looks more like my dad than I! She's my dad's nose! I don't look like any of my parents cuz I'm all mixed! They've a medium sized firm. Saw the pics. Even, seems like they've a Russian software engineer! Lol"
@CIA @chiefrabbi @GlosSaferCyber @TheCitizenTZ @CGTNOfficial @DefenceHQ @BoardofDeputies @isabelaangola @Dailymirror_SL https://twitter.com/CovertHarasUK/status/1035607971168968705Â â€¦
"@CIA Yeah, the entirety of central and South America would probably have something different to say about that."
@CIA this women is the women of my dreams pic.twitter.com/T50FLYoPNf
@CIA  pic.twitter.com/Fc3GOMimLk
@CIA 3.5 or better
@CIA The CIA ought to@read their own rhetoric!
@CIA Make HOLY Proud
"@CIA Holy shit, you guys are into comedy now too? This is gold!ğŸ˜‚ğŸ˜‚"
@CIA             Ø¥Ù„Ù‰ Ø£Ø­Ø¯Ù‡Ù…...   Ø§Ù„Ø³Ù„Ø§Ù… Ø¹Ù„ÙŠÙƒÙ… Ùˆ Ø±Ø­Ù…Ø© Ø§Ù„Ù„Ù‡....Ù…Ù† Ù†Ø·Ù‚ Ø¨Ø§Ù„Ø´Ù‡Ø§Ø¯ØªÙŠÙ† ÙÙ‡Ùˆ Ø¢Ù…Ù† ÙÙŠ Ø¨ÙŠØªÙ‡...Ù‡Ø°Ø§ Ù…Ø§ ÙŠØ¨Ø¯Ùˆ ÙÙŠ Ø§Ù„Ù…Ø±Ø­Ù„Ø© Ø§Ù„Ù‚Ø§Ø¯Ù…Ø©....   Ø§Ù„Ø­Ù…Ø¯ Ù„Ù„Ù‡...Ø§Ù„Ù…Ø³Ù„Ù… Ø§Ù„Ù…Ø¤Ù…Ù† ÙŠØ¤Ù…Ù† Ø¨Ù…Ø­Ù…Ø¯ (ØµÙ„Ø¹Ù…) Ùˆ Ø¹ÙŠØ³Ù‰ Ùˆ Ù…ÙˆØ³Ù‰ ...ÙÙ„Ø§ ÙŠØ²Ø§ÙŠØ¯ Ø¹Ù„ÙŠÙ‡ Ø£Ø­Ø¯              ...ØªÙ‚ÙˆÙŠÙ… Ø°Ùˆ Ø§Ù„Ù…Ù†Ø·Ù‚ØªÙŠÙ†.
"@CIA did u know that my half-sister lives here in city where I'm now? ğŸ˜‚ I just checked on Google what her husband's face looks like! Just in case if he goes for massage too! Sure I won't take him, gonna need to hide! Fortunately there r surveillance cams! So i see who's at door!"
@CIA Like these kinds of extraordinary things....â€˜Just doin my jobâ€™ bullshit https://www.history.com/mkultra-operation-midnight-climax-cia-lsd-experimentsÂ â€¦
@CIA               Ø£Ù„Ø§ ØªØ±ÙˆÙ† ÙŠØ£Ø¬ÙˆØ­ Ùˆ Ù…Ø£Ø¬ÙˆØ¬ØŸ                    Ø£Ù„Ø§ ØªØ±ÙˆÙ† ÙØªÙ†Ø© Ø§Ù„Ø£Ø¹ÙˆØ±ØŸ              Ù„Ù‚Ø¯ ...(Ø¯Ø®Ù„Øª ÙƒÙ„ Ø¨ÙŠØª Ù…Ø³Ù„Ù… )            ...ØªÙ‚ÙˆÙŠÙ… Ø°Ùˆ Ø§Ù„Ù…Ù†Ø·Ù‚ØªÙŠÙ†.                                     https://www.antipodesmap.com/Â  pic.twitter.com/tUjVk3QoQT
@CIA               Ø£Ù„Ø§ ØªØ±ÙˆÙ† ÙŠØ£Ø¬ÙˆØ­ Ùˆ Ù…Ø£Ø¬ÙˆØ¬ØŸ                    Ø£Ù„Ø§ ØªØ±ÙˆÙ† ÙØªÙ†Ø© Ø§Ù„Ø£Ø¹ÙˆØ±ØŸ              Ù„Ù‚Ø¯ ...(Ø¯Ø®Ù„Øª ÙƒÙ„ Ø¨ÙŠØª Ù…Ø³Ù„Ù… )            ...ØªÙ‚ÙˆÙŠÙ… Ø°Ùˆ Ø§Ù„Ù…Ù†Ø·Ù‚ØªÙŠÙ†.                                     https://www.antipodesmap.com/Â  pic.twitter.com/8K3UT5BcOG
@CIA                  ...ØªÙ‚ÙˆÙŠÙ… Ø°Ùˆ Ø§Ù„Ù…Ù†Ø·Ù‚ØªÙŠÙ†.                                     https://www.antipodesmap.com/Â  pic.twitter.com/TBSXYLaKuc
"hey, @CIA look at this ;) https://www.muckrock.com/foi/united-states-of-america-10/contras-manual-33812/#file-166352Â â€¦"
"@CIA And l want send your all the informacion from UK, with all the persons!!!!And thanks much for your special service!!!!!!!!Thanks much, Ã®n this time,for all the intervenÈ›ion..."
"@CIA Send he all the msg from the Primer Minister, all it's bad!!!!!All your informacion....L don't want another the conflict Ã®n The Middle East!!!And l want send your the informacion from all the traidors an this State!!!Only for Zayed!!!!"
"@CIA L want know the whole world what happend Ã®n UAE!!!And,is not guilty with NOTHING the Vice PRESIDENT, Sheikh Mohammed Bin Zayed alNahyan, with NOTHING!!!!"
"@CIA L don't want leater happend bad for this SHEIKH!!!You have the informacion from inveninad and with the intentions from the Primer Minister for his son,Sheikh HAMDAN, he want kill this joven,and he is NOT guiy whit nothing...Whit nothing...."
@CIA @cia how do I become an analyst or apply for job in Langley?
@CIA                       ...ØªÙ‚ÙˆÙŠÙ… Ø°Ùˆ Ø§Ù„Ù…Ù†Ø·Ù‚ØªÙŠÙ†. pic.twitter.com/PQuARc4cyJ
@CIA                          ...ØªÙ‚ÙˆÙŠÙ… Ø°Ùˆ Ø§Ù„Ù…Ù†Ø·Ù‚ØªÙŠÙ†. pic.twitter.com/KQAMAN36Ox
"@CIA Sheikh HAMDAN Mohammed Bin Raschid al Maktoum it's Crown Prince of Dubai!!!You, know very good what happend...L want the all informacion from the Primer Minister and father a Sheikh HAMDAN ,want all the informacion,publicos!!!"
@CIA               Ø£Ù„Ø§ ØªØ±ÙˆÙ† ÙŠØ£Ø¬ÙˆØ­ Ùˆ Ù…Ø£Ø¬ÙˆØ¬ØŸ                    Ø£Ù„Ø§ ØªØ±ÙˆÙ† ÙØªÙ†Ø© Ø§Ù„Ø£Ø¹ÙˆØ±ØŸ              Ù„Ù‚Ø¯ ...(Ø¯Ø®Ù„Øª ÙƒÙ„ Ø¨ÙŠØª Ù…Ø³Ù„Ù… )            ...ØªÙ‚ÙˆÙŠÙ… Ø°Ùˆ Ø§Ù„Ù…Ù†Ø·Ù‚ØªÙŠÙ†.                                     https://www.antipodesmap.com/Â  pic.twitter.com/sNj8X4hfjj
"@CIA This work is not facil....L know....And l want your all your intelligence service agents Ã®n RomÃ¢nia and Ã®n UAE!!!L have many the informacions, and l want your advice for The Vice PRESIDENT Skheik Mohammad Bin Zayed alNahyan for l have much the secrety for Sheikh HAMDAN"
@CIA ğŸ˜‚
@CIA Yeeesss!!! Alright!!!!! You are NOT responsable...Never!!!!And l working with You have the much the problems....And in Middle East and Ã®n my country...The traidors have a pay!!!And NOW!!! Leater is more leater!!!!
"@CIA You left out torture, assassinations and coups"
@CIA You forgot Cocaine Smugglers.#InsigniaGate https://www.dropbox.com/s/ih0o0e4amzwl3iw/InsigniaGate%20-%20Top%20Level%20Index%202018.pdf?dl=0Â â€¦#ProjectInsignia #CIA #QANON
@CIA #CIA admit. If you ran out of #coffee the nation would be in trouble. Please keep the coffee supply lines safe for all of us. pic.twitter.com/4Hf0D6yluQ
@CIA and people actually believe that. pic.twitter.com/h0h9UsAV9U
@CIA You got any openings for print production jobs? I always wanted to be a spy.
"@CIA So, did Congress also know when you were spying on Senate staffers?"
"@CIA OK, that sounds clear. So... how many of you get to do the fun things, like torturing people and running death squads? What I read, it must be a *lot* of you..."
@CIA Youâ€™re fired.
@CIA How many people you blown up for foreign policy
"@CIA as a procrastinator, I've planned to do everything right b4 deadlines!"
@CIA @NSAGov i recall when i had to massage a fat client who still had some ğŸ’© on his butt! ğŸ˜‚ Disgusting! ğŸ˜‚
@CIA Like Hussein and Crooked during Benghazi?
"@CIA Yeah, we've noticed."
@CIA As so deftly performed by @LelandOrser and the rest of the great cast of Berlin Station.
@CIA  https://en.wikipedia.org/wiki/Human_rights_violations_by_the_CIAÂ â€¦I'd sooner trust the Mafia than you psychos.
@CIA Shall we play a game? #Goodbye #SnowWhiteDown
"@CIA @realDonaldTrump Before election dispositions & other considerations take primary focus for you, I would appreciate quick facilitation of my efforts to get the Aleutian ALASKA islands regarded & frontier-accesible. JAPAN I pray we can honor together & heal USA/NEW CANADA. pic.twitter.com/uhpnSIzJUP"
@CIA  https://twitter.com/DoItForMaMa/status/1035560211925409792Â â€¦
@CIA  pic.twitter.com/JBIKfkkTOl
@CIA Itâ€™s probably just better if you donâ€™t try to create a fake narrative about what you do. We all know the CIA is involved in pretty awful shit around the World and at home. We know you operate outside of Constitutional limits and have no love for the People of this Country
"@CIA Librarians? How about personal trainers? Or psychiatrists? Oh wait, we already know what you guys did with CIA psychiatrists!!! Most Americans donâ€™t, but I do and thatâ€™s why you have people following me and why youâ€™ve put a hit out on me. Me, a stay at home Mom, an American."
"@CIA  So heard you are having some issues with your Corona1 satellite & a few servers....  #Maga #PatriotsUnited Blessed for all the #loyal brothers and sisters striving to bring #Justice to the world. And as for the others, u know who u r... ğŸ˜¡ğŸ¤¬ğŸ‘‹ğŸ» #Byefelica #deepstate nomore"
@CIA  https://www.gematrix.org/?word=5ive+eyes+do+you+still+want+to+play+waw+aleph+tav+he+waw+aleph+taw+he+ka+ah+su+demo+na+wa+ta+etuÂ â€¦No longer the upper master?That's @2fngbad
@CIA  https://twitter.com/gelotin3/status/1035322552875241472Â â€¦
@CIA on second thought I no longer want a ray gun and I love not questioning authority. pic.twitter.com/ztKWsZzesi
"@CIA also, you claim to be the best investigators in the world, well why donâ€™t I have a girlfriend?"
"@CIA You forgot to mention journalists and arms traders to Sunni extremists, you dinguses."
"@CIA All of them are welfare whores who are doing a disservice to humanity and their fellow citizens, and how they can work for your agency without feeling completely ashamed of themselves speaks to their stupidity, ignorance, and complete lack of morals."
"@CIA Very, very unfair that you wonâ€™t let me see the aliens. At least give me a ray gun or government made LSD. Please!"
"@CIA ğŸ˜‚ğŸ˜‚ u recall when i called a business woman in French ""connasse"" n ""petasse""? N i threatened a business man to fight him? ğŸ˜‚"
"@CIA You lied about WMDs in Iraq, why would we think your social media team is any more honest?"
@CIA ğŸ¤¡
@CIA  pic.twitter.com/CyRGYgQ7ti
@CIA @ARMYSOUTH @POTUS @USEmbassyBogota @IvanDuque @CancilleriaCol @mluciaramirez @A_OrdonezM HAY QUE EXPULSAR TODOS ESOS CRIMINALES DE COLOMBIA. @Setulus1 https://twitter.com/CarlosAMontaner/status/1035162315002441728Â â€¦
@CIA @INTERPOL_HQ @bbcmundo @realDonaldTrump @KremlinRussia_E @USArmy @usairforce https://twitter.com/andrescevallos5/status/1035495973190025216Â â€¦
"@CIA If you are gay, its even better..."
@CIA  pic.twitter.com/DIhqxPmvHd
@CIA Can you send a brick of that sweet CIA cocaine my way?
@CIA pic.twitter.com/LFehInwdTq
@CIA FORGET ABOUT THINGS I HAVE JUST GONE TO EVERY ONE FOR A HAND AND SOME UMBRELLA AND WASTED.
@CIA WITH MY HEAD FUNCTIONAL. AND THEIR IS NO A SIGN MEANING.
@CIA THEIR IS NO WORSHIP ON MY PART ONLY SEVEN IN TEXT BOOK...MEANING FINGERING ME AS AMP SEPICIALIST FROM NOT DIEING SMOKE THIS MORNING AFTER A NIGHT OF ZOMBIE LORE UCFM Y. THEIR IS ONLY THOUGHT WRITE AND TRUTH STANDING ON WHAT HAS HAPPENED THE DUST WILL ONLY WORK
"@CIA so true, only brits drink martini lol -  you drink bourbon haha! #CIA"
@CIA You guys finance the movies that portray you that way.  https://www.independent.co.uk/voices/hollywood-cia-washington-dc-films-fbi-24-intervening-close-relationship-a7918191.htmlÂ â€¦ Is this thread a foray into performance art? It's so absurd.
@CIA And then says he's the only solution anytime somebody does this be wary they're conning you and idiot that Donald Trump is he's been practicing the art of the con for 40 years maybe more. And he doesn't care about anything but his own personal enrichment he'll screw you to get it
@CIA THEIR IS NO MORE GAMES THEIR IS A COWBOY COUNTRY FEED RALLEY UP FOR ME TO PAY BECAUSE THEY RECIEVE THE LICK AND FEED. MEANING THEIR IS NO STOPING THEM THAT WANT TO RUN A FALL THE REST OF MY LIFE THROUGH THE PRISON AND BRUTALLY ABUSE ALL THE SEVEN.
@CIA What the word oversight means for everyone FBI employee looking at a case there's 20 more looking over his shoulder to make sure he does it in a legal a political fashion in for trumpster divers who don't believe this you've been conned by a con man who makes up problems
"@CIA Mr. And mrs. CIA, anybody with any intelligence has never thought this nor do we think you're a bunch of out-of-control Rogue deep state stoolie's I think the CIA the FBI hell the whole doj for the excellent work they do anybody who thinks different doesn't understand..."
@CIA MEANING I AM IN A BAD SPOT RECORD THAT WAS PUSHED ALTERED EVEN LINED TO A LIE AND THEN SET TO FOLLOW ME WITH AN UNSTOPPABLE.
@CIA AND FOLLOWING
@CIA MEANING I SHOULD NOT HAVE TO WORRY ABOUT LIVING.
@CIA FOLLOWING THE AIR CONTROL SO WHERE DO I LAY.
"@CIA SEVEN FORTY ONE SEVEN. CAN I RECIEVE SOME COMFORT AS IN SECURE ME VANNATA SR INTO A FIRM WITH THE PROTECTION I NEED. AND THEIR IS A SEVENTH HEAD OF LIGHT SUN RAYS MOVE WHEN I AM IN THE SUN NO THE MOTH OPERATOR OF STUFF, CONFIRM USMF/USMNF T PALE HORSE RIDER HAPPEN SO WHERE"
@CIA LOL
@CIA  pic.twitter.com/7ZwDcKsUOE
@CIA Ha Ha!
"@CIA Are those Americans the owners of Wall Street, and other big Corporations, like big tech, big Pharma, the millitary Industrial Complex, Rothschild, Rockefeller ? You are doing a great job then."
"@CIA Ahahaha The CIA is NOT America. If you wanted to help America CIA would just pay for Universal Health Care. Yeah, the CIA can afford it."
@CIA Being the biggest terrorist organization in this world truly is extraordinary for ordinary americans.
@CIA C'mon losers. I need to start my life now losers. Listen I'm not playing pretend in a court room. It's pretend.  I'm not playing pretend.
"@CIA the client b4 asked why we're expensive compared to the other massage studio underneath us! Made a whole blabla about it! Sry, but if a client doesn't like or agree, then he sd just STFU n piss off!"
@CIA I do but Iâ€™m not telling you. Duh!
"@CIA i hate it when clients talk too much! I'm always honest. My parents didn't educate me! Kinda Geishas did! So there's still a part of me that's like aggressive troubled teen! So sometimes i can react childish n call a client names, like piss off azzhole, or go f*k ur mom..."
@CIA is watching. It can neither confirm nor deny that @RealJoeFrancis's optimistic and upbeat tweets remind it of Spongebob Squarepants pic.twitter.com/tKhSFXVWn6
"@CIA I donâ€™t understand how you can feel pride along with your fellow criminals europa side. Itâ€™s a mental disorder, Iâ€™m convinced. I pray/gamble you never contact me. Itâ€™s game over! ğŸ’¯#CIA made sure itâ€™s not possible for us to return"
@CIA @INTERPOL_HQ @bbcmundo @realDonaldTrump @KremlinRussia_E @USArmy @usairforce https://twitter.com/andrescevallos5/status/1035497650450251777Â â€¦
@CIA This country is 0 for 2 in the last two wars. Losers
@CIA ok so yeah just uhhhhhhhhhhhhhhhhhhhhhhhhhhhhhhhhhhhhhhhhhhhhhhhhhhhhhhhhhhhhhhhhhhhhhhhhhhhhhhhhhhhhhhhhhhhhhhhhhhhhhhhhhhhhhhhhhhhhhhhhhhhhhhhhhhhhhhhhhhhhhhhhhhhhhhhhhhhhhhhhhhhhhhhhhhhhhhhhhhhhhhhhhhhhhhhhhhhhhhhhhhhhhhhhhhhhhhhhhhhhhhhhhhhhhhhhhhhhhhhhhhhhhhhhhhhhhhhhh pic.twitter.com/9iycpWsqRE
@FBI @CIA If your mission is to collect information overseas why are all of the ex-CIA operatives on mainstream media outlets such as CNN and MSNBC commenting on domestic issues? @adamcurry @THErealDVORAK @realDonaldTrump @andersoncooper @RealJamesWoods @StateDept @PentagonPresSec
"@CIA ""Were just ordinary Americans starting proxy wars in countries we will later invade funded by the opium fields we control in Afghanistan"""
"@CIA November 5, departure to Moscow! Military school! Getting mad here! Need to get the fuck out of this country!"
"@CIA damn I'm red like a tomato n boiling angry! Cuz a swiss shit came to offend us! I got aggressive n i told him ""verpiss dich du arschloch!"". I wd ve beaten that guy to death!"
@CIA Like brunson?
@CIA BYE BYE MY FRIENDS OF CIA . I AM ALWAYS WITH YOU . . . BYE BYE FOR ALL .
@CIA Good thread!Thank God for the CIA & sacrifice they face daily for America. BUT please look into a former CIA official's SF86 (SCI) information being exploited by her political enemies. @SpeakerRyan's @CLFSuperPACSeem to be outing former CIA officialsğŸ‡ºğŸ‡¸ https://www.nytimes.com/2018/08/28/us/politics/cia-officer-house-election-super-pac.htmlÂ â€¦
@CIA Lista de Agents da cagb ou service secrety Russo ! pic.twitter.com/3ddJdG8xUb
@CIA We spy on those who are supposed to be overseeing us (Senate Intelligence Committee) but we don't get prosecuted for it. We are responsible for the deaths of innocent women and children in dozens of countries through our contractor program. We are undermining US democracy.
"@CIA Define ""we""..."
@CIA Bet you wish you were!
@CIA pic.twitter.com/pdvbs2s04U
@CIA pic.twitter.com/7GGmePuTUR
@CIA Erdogan: Turkey needs Russia's S-400 missile defence system @AJEnglish http://aje.io/n6dmjÂ 
@CIA ... threatening ICE https://twitter.com/RubenGallego/status/1035040990611103744Â â€¦
@CIA Report: Iran moves missiles to Iraq in warning to enemies
"@CIA Give a course to some celebrities like the @DalaiLama, propose them to talk directly to me by email, that you read. You see I try to trick nobody, so, nobody should try to trick me. Thank you."
"@CIA We know, we support you, weâ€™ll die defending you too. #InThisTogether"
@CIA  https://youtu.be/26Y2jgbmd0oitsÂ  time to come clean if you want to about Greys HOLY Shrmpy ET Alien GODS
@CIA its time to come clean if you want to Greys HOLY Shrmpy ET Alien GODS @NASA new the truth too its good to now the truth
@CIA its time to come clean if you want too about the Greys HOLY Shrmpy https://youtu.be/26Y2jgbmd0oÂ 
@CIA  https://twitter.com/danielakotova4/status/1035499257833373696Â â€¦ HAZARD BG
"@CIA Very wise women (nuns) would come by themselves propose to help me, today, if one is. They will cook and keep the place clean, while not disturbing me. Maids will be that when I will live in hotels. They will all notice that I am very friendly, not at all a sadist."
"@CIA I mean accept I may have sex anyway. It never was forbidden. Remember that at age 21, I had to quit being a mason, to start writing, 2000 years ago."
@CIA I accept to live with nuns (very wise women).
@CIA Nothing creepy at all about the fact that my mechanic could be a CIA Agent.
@WPLG @CIA I live on my own for over 3 years. I even purchase my first car independently. I went to work full-time and went to College full-time with my own earnings. Why is HR of Main Library  101 West Flagler Street Miami Fl telling lies? @wsvn @AFSCME @MSNBC @wplg
@LouiseMensch @CIA Well so much for sending in my resume..unless you've got a work-from-home/telecommute option? I do have my own web cam.
"@CIA They want I accept to be tied even, @Pontifex. :) For ""rituals"", weird ones, called torture. They hope I am this stupid."
@CIA wow! A limited edition! Like the color! pic.twitter.com/eTeVRFLLXD
"@CIA They want to pray their God right in front of me, those priests, like it's not me. Except I never bragged, me. I do am almighty, and we understood that for you almighty means you would kill people right away, in the streets, to show you grandeur... told me @DHSgov, sort of."
"@CIA Mark 422Â For whatever is hidden is meant to be disclosed, and whatever is concealed is meant to be brought out into the open."
"@CIA Lobby to forbid everything satanical instead, you priests and agents. Even the tee-shirts, like it's the 70's again, and nobody would dare even be with the demons. You would lock them up."
"@CIA Editors, eh?So you admit that Operation Mockingbird is ongoing, then?"
@CIA ğŸ‘ğŸ™ğŸ»ğŸ‘
@CIA No way I live with even you. Forget sending me priests. I do not have to lead a team of useless dudes in dresses.
@CIA I believe that my missing work earnings went a different County Department. Need 2 investigate how long Kelley Lau of HR manipulate my work earnings deliberately transfer my accounts 2 somewhere else.I just discover $500 dollars deduct from my work earnings for years bi-weekly.
@Was Senator @SenJohnMcCain  Cleaned by the @CIA or other Agencies is Support of the Current @POTUS we are just in Question as @cisuganda @camspartial for the know  http://how.RIPÂ  @SenJohnMcCain Hopefully the World lost an Iconic man
well I have a boy He's a Pakistani but He's love America more then Pakistan He wanna make an Agent of the @CIA #Devil_Mike
@CIA I'm on the way to Manor Winterthur! Need to buy a hairdryer! Cuz my other hairdryer was in that lost luggage! Still lost!
well I have a boy He's a Pakistani but He's love America more then Pakistan He wanna make an Agent of the @CIA #Devil_Mike
well I have a boy He's a Pakistani but He's love America more then Pakistan He wanna make an Agent of the @CIA #Devil_Mike
"@CIA So, you work with foreign traitors."
@CIA SHUT DOWN THE CIA
@CIA #abolishtheCIA
@CIA Straight up bullshitğŸ˜‚
@CIA So how did this occur? Trump's fault? Was it the meeting at Trump Tower? By the way destabilizing other countries just kills innocent people to enrich a select few billionaires - few of the US citizens. We pay the price for your corrupt evil. pic.twitter.com/gXVLjNfUiJ
@CIA ğŸ¤£ğŸ˜‚ğŸ¤£ğŸ˜‚ğŸ¤£ğŸ˜‚ğŸ˜‚ğŸ¤£ğŸ˜…
@FBI @CIA Donâ€™t forget overthrowing sovereign governments and arming Radical Jihadists in Syria!
@CIA The same elected representatives Brennan spied on to avoid investigation and oversight? GTFO you spooks
@CIA What about the open secret that you are heavily involved in drug smuggling?
@CIA Is that a threat?
@MarkSZaidEsq @CIA would do better if they recruited better & protected ALL employees including contractors from disgruntled mid level managers
@CIA Fake cia profile.....!
@CIA @NSAGov Just got home from work. What did I miss? ğŸ¿
@CIA strippers?
@RealJamShady @CIA Right on.
@CIA I am going to start keeping my grocery store receipts and start tracking prices. Dr. Harrington's inbound object: one effect is drought pic.twitter.com/MF4Ly6C2s0
"@CIA ""We collect, evaluate, & disseminate foreign intel to the president & senior US government policymakers so they can make informed decisions.""Correct. Also, by analysing the intel you're able to advise them on a course of action and explain the ramifications based on other intel"
@CIA Directly south of Afghanistan on the edge of Pakistan - perhaps try to establish trading lines. Disregard if misinformed.
@CIA Ø¯ÙˆÙ„Ù‡ ÙˆØ§Ø­Ø¯Ù‡ Ø¨Ø±ÙŠØ·Ø§Ù†ÙŠØ§ Ø§Ù„Ø¹Ø¸Ù…Ù‰ ØªÙ„Ø§Ø¹Ø¨Øª Ø¨Ù†Ø§ Ø¬Ù…ÙŠØ¹Ø§ ÙˆØ®Ø¯Ø¹ØªÙ†Ø§ Ø¨Ø¯Ø¡Øª Ø¨Ù‚ØªÙ„Ù†Ø§ ÙÙ‰ Ø§Ù„Ø¹Ø±Ø§Ù‚ Ù„ØªØ³ÙŠÙ„ Ø¯Ù…Ø§Ø¡ Ø§Ù„Ø§Ù…Ø±ÙŠÙƒØ§Ù† Ø¹Ù„Ù‰ Ø§Ø±Ø¶ Ø§Ù„Ø¹Ø±Ø§Ù‚ ÙˆØªÙ†Ù‡Ø§Ø± Ø§Ù„Ø®Ø·Ù‡ ÙˆØªØªØ¬Ù‡ Ù„ØµØ§Ù„Ø­Ù‡Ø§ ÙˆØªÙ†Ù‡Ø§Ø± Ø¹Ø¸Ù…Ø© Ø§Ù…Ø±ÙŠÙƒØ§ ÙˆØ§Ù„ØªØ­Ø§Ù„Ù Ø¹Ù„Ù‰ Ø§Ù„Ø§Ø±Ù‡Ø§Ø¨ ÙˆÙ„Ù„Ø§Ù† Ø®Ø·ØªÙ‰ ØªÙ‚ÙˆÙ… Ø¨Ø±ÙŠØ·Ø§Ù†ÙŠØ§ Ø¨Ù‡Ø§ Ù„ØµØ§Ù„Ø­Ù‡Ø§
@CIA Ø§Ù„Ø­Ø±Ø¨ ÙÙ‰ Ø§Ù„Ø¹Ø±Ø§Ù‚ ÙƒØ§Ù† Ø§Ù„Ø³ÙŠÙ†Ø§Ø±ÙŠÙˆ Ù‡ÙƒØ°Ø§ ØºØ²Ùˆ Ø§Ù…Ø±ÙŠÙƒÙ‰ Ù…Ù† Ø§Ù„ÙƒÙˆÙŠØª ÙŠØªØ¬Ù‡ ÙÙ‰ Ø®Ø· Ù…Ø³ØªÙ‚ÙŠÙ… ÙˆÙŠØ°Ù‡Ø¨ Ø§Ù„Ù‰ Ø¨ØºØ¯Ø§Ø¯ ÙˆÙŠØ­Ø±Ø±Ù‡Ø§ Ù…Ù† Ø§Ù„Ù†Ø¸Ø§Ù… Ø§Ù„Ø§Ø¬Ø±Ø§Ù…Ù‰ ÙŠØ·Ø§Ø±Ø¯Ù‡ Ø§Ù„Ù‰ Ù…Ø®Ø¨Ø§Ø¡Ù‡Ù… ÙŠØ­ÙŠØ· Ø¨Ù‡Ù… ÙˆÙŠÙ‚Ø¶Ù‰ Ø¹Ù„ÙŠÙ‡Ù… ÙˆÙƒÙ„ Ø¯ÙˆÙ„ Ø§Ù„Ø¹Ø§Ù„Ù… Ø®Ø§Ø¦ÙÙ‡ ÙˆÙ„Ø°Ù„Ùƒ Ù„Ù† ØªØ´Ø§Ø±Ùƒ ÙÙ‰ Ø§Ù„Ø­Ø±Ø¨ Ù„ÙƒÙ† Ø¨Ø¹Ø¯ Ø³Ù‚ÙˆØ· ØµØ¯Ø§Ù… ØªØªØ´Ø¬Ø¹ ÙˆØªØ´Ø§Ø±Ùƒ Ø§Ù…Ø±ÙŠÙƒØ§ ÙˆØªÙ‚ÙˆØ¯Ù‡Ù… ÙÙ‰ Ø­Ø±Ø¨Ù‡Ø§ Ø¹Ù„Ù‰ Ø§Ù„Ø§Ø±Ù‡Ø§Ø¨ Ù„ÙƒÙ†
"@CIA Yeah, like shipping cocaine by the tonnage, starting all wars, overthrowing governments, need I go on!"
@FBI @CIA Wasnâ€™t MK-Ultra a CIA op?  Was that overseas?
@CIA Yeah right
@CIA  https://www.washingtonpost.com/opinions/a-former-spy-on-life-in-the-cia-its-like-bond-with-more-boredom/2012/11/09/4878cdb6-2386-11e2-ba29-238a6ac36a08_story.html?noredirect=on&utm_term=.6b807a5a4ffcÂ â€¦
@CIA telling lies?
@CIA #Invaluable almost sounds like un-valuable.
@CIA @EvilHillaryPics
@CIA Pedophiles rings leaders
@CIA I don't care about the martinis as long as this is real. pic.twitter.com/nytLfPZfm0
@CIA What about Phoenix
@CIA Strategic points for bases/landmarks Syria - Just east of Aleppo. In between Hama and Hims. East of Zahle on border. Disregard if misinformed.
@CIA Not even occasionally? ğŸ˜
@CIA Give me a job
"@CIA Great, now I want a martini"
@CIA Working as a #spy is a dangerous job and I don't recommend it to anyone. You're literally on your own and disposable at anytime.
@LouiseMensch @CIA Isn't that just what the CIA would say?ğŸ¤”
@CIA Do you have invisible cars like James Bond had in that film?
"@CIA Can You Observe The Evil ""CDU"" Party In Germany Because With The ""Reichstag"" And This Evil Past With The ""Hitlerjugend"" From ""Heilmut Kohl"" With His Evil University Connections To A ""Ritterbund(Knightliga)"" In Evil ""Deutschen Reichs(German Empire)"" Colors Are This Crimes!"
"@CIA You can spin it anyway you want, facts are the world is 98% corrupt as fark, ya making fools of yourselves telling us your hollier than thou"
@LifeOnLiberty @CIA Well...you know...except for that whole black site torture program you ran...
"@CIA sir tell me about the ""& more"""
@CIA I like the myth. More importantly I appreciate your independence and hope that you can remain above the current rhetoric. The job is difficult enough without political influences. pic.twitter.com/XAdX3AHXr0
@CIA @cia how are those satellites doing?
@CIA Uh-huh... Right.Nudge NudgeWink Wink
@POTUS @CIA Good. Can you investigate @potus ?
@CIA not many ordinary organizations have a torturer as ceo
"@CIA Okay fine Iâ€™ll work for the CIA, no need to pull my leg over it."
"@CIA This thread is ruby-lined, crystal-laden, 24k gold. Watching the CIA shill about itself is comedy of the most existential variety  https://en.m.wikipedia.org/wiki/Human_rights_violations_by_the_CIAÂ â€¦"
@CIA What are ops then?
@FreddyRoo2 @CIA And thank you for all you do for us. ğŸ‡ºğŸ‡¸
@CIA A likely story
"@CIA Reading some of the #myths, makes me laugh out loud ! ! ! ğŸ˜†ğŸ˜…ğŸ˜‚ğŸ¤£#Lol"
"@LouiseMensch @CIA never respected what the CIA and other intel agencies do, as much as, today. You work is desperately needed to literally same the republic from the influence of the transnational russian mob"
@LouiseMensch @CIA False Flag Specialists
@CIA Under a known felon who seems to hate you. #Resistance
@CIA Hmmm...yet no Alt CIA - why is that?
@bubbyandflapo @CIA  pic.twitter.com/37AunkemK1
"@LouiseMensch ... in extraordinary shoes, if youâ€™re @CIAspygirl :) (Sorry, couldnâ€™t resist)"
@LouiseMensch @CIA Your intense love for the United States intelligence agencies is so weird. From a Brit?
"@MarkSZaidEsq Well, hello there @CIA. I've been wondering about you lately."
@LouiseMensch @CIA Can you send this to Trump so he knows that you guys don't work for his own well being.
@CIA All this cool but yâ€™all hiring?
@LouiseMensch @CIA I like the myths.
@LouiseMensch @CIA Americans who worked hard to get where you are
@LouiseMensch @CIA  https://youtu.be/C-CG5w4YwOIÂ 
"@CIA you left out trying to frame one President, and Killing another."
@CIA  pic.twitter.com/kpTvxkvWcX
"@CIA I had you pegged as bourbon drinkers. Presumably, as you get older and wiser, you graduate to single malt Scotch whisky."
"@CIA DOWN DOWN DOWN, RED KNIGHT GOING DOWN."
@CIA How about nurses?
@LouiseMensch @CIA OK Iâ€™m a extraordinary human just doing ordinary things.
"@CIA do your thing and track this man down, get him to PAX https://twitter.com/luke_lafr/status/1035358520827432960Â â€¦"
"@LouiseMensch @CIA Thanks and keep up your spirits, (tell the guys and gals over to the NSA the same..oops, they ALREADY know!)."
"@CIA Certainly not, the martinis are reserved for MI6. pic.twitter.com/69s5TQRSM8"
@CIA You murdered people to keep banana profits higher for DelMonte.
"@CIA Les faltÃ³ el inefable @Lenin ese muerde bien feo, pero se les arrodilla a USA."
@CIA What the hell are you doing on Twitter? Arenâ€™t you supposed to be out overthrowing governments and installing American puppet dictators?
@CIA in which country? Oo
@CIA Yes.
@CIA I like the CIA
@JoshMankiewicz @CIA What ?  No martinis? PPFFFTT bad recruitment ad
@CIA stands for certified ignorant assholes https://twitter.com/MoonofA/status/1035179212494331905Â â€¦
@CIA Hiring outside US
@CIA  pic.twitter.com/AIEhB2acdH
@CIA I know you must think my love life is a joke
@CIA And overthrow governments
@CIA Lemme in dat hoe den
@CIA your entire history is just overthrowing foreign governments
"@CIA I'll take Russians all day. Listen carefully, I will kill this spic. Before appearing before a judge.  Got it. I want my freedom. No job"
@FBI @CIA Lol
@CIA @NASA @realDonaldTrump @IvanDuque @mluciaramirez @piedadcordoba @orsiniap @NicolasMaduro seÃ±ores presidentes trabajen en union por elvien de nuestros paises que Dios los vendiga y los guarde y lesde saviduria e inteligencia y poder lo mismo Q ala CIA y ALA NASA @CNN USAEEUU2
"@CIA Well, if the CIA says it, it must be true.FFS!"
"@rhm1947 @CIA Me suena a anuncio de servicios en la Pomona, Maracaibo: se venden tetas, duro frÃ­os, corte de pelo, se pintan uÃ±as, se hacen mechas, planchado y secado, sÃ­ hay bollitos pelones."
"@CIA Sure, extraordinary things. Like torture and indefinite detainment of suspected individuals."
@CIA Thanks for your service!
@CIA I am ready to make the sacrifices necessary to become something of lore to my grandchildren.
@CIA I want a job. I can do a better job than David Crosby ever did.
@CIA how about you be elected by those american people. pic.twitter.com/iQ7s0brtSu
@CIA  pic.twitter.com/boo4Ye7PF6
"@CIA ĞĞŸĞĞ¡ĞĞ-ĞĞšĞ¢Ğ£ĞĞ›Ğ¬ĞĞ. Ğ¦Ğ˜Ğ¢ĞĞ¢Ğ- Ğ ĞĞ¡Ğ¡Ğ˜Ğ¯ ĞĞ• ĞĞĞœĞ•Ğ Ğ•ĞĞ Ğ—ĞĞ©Ğ˜Ğ©ĞĞ¢Ğ¬ Ğ¦Ğ˜Ğ’Ğ˜Ğ›Ğ˜Ğ—ĞĞ’ĞĞĞĞ«Ğœ  ĞŸĞ£Ğ¢ĞĞœ Ğ Ğ£Ğ¡Ğ¡ĞšĞ˜Ğ¥ Ğ² Ğ£ĞšĞ ĞĞ˜ĞĞ•, Ğ° Ğ“ĞĞ¢ĞĞ’Ğ˜Ğ¢ Ğ˜Ğ¥ 11 ĞœĞ˜Ğ›Ğ›Ğ˜ĞĞĞĞ’ Ğ”Ğ›Ğ¯ Ğ’ĞĞ¡Ğ¡Ğ¢ĞĞĞ˜Ğ¯ Ğ¸ Ğ¡Ğ’Ğ•Ğ Ğ–Ğ•ĞĞ˜Ğ• ĞĞ•Ğ—ĞĞ’Ğ˜Ğ¡Ğ˜ĞœĞĞ“Ğ Ğ“ĞĞ¡Ğ£Ğ”ĞĞ Ğ¡Ğ¢Ğ’Ğ Ğ£ĞšĞ ĞĞ˜ĞĞ«. ĞŸĞ Ğ•Ğ”Ğ£ĞŸĞ Ğ•Ğ–Ğ”ĞĞ 03.11.17. ĞĞĞŸĞĞ”Ğ•ĞĞ˜Ğ• ĞĞ ĞšĞ’ĞĞ Ğ¢Ğ˜Ğ Ğ£ ĞĞĞ¡Ğ¢ĞĞ¯Ğ©Ğ•Ğ“Ğ ĞĞ’Ğ¢ĞĞ Ğ. ĞĞĞŸĞĞ”Ğ•ĞĞ˜Ğ• @poroshenko Ğ¡ĞšĞ Ğ«Ğ’ĞĞ•Ğ¢ pic.twitter.com/Z0yrRPgdrW"
@CIA @realDonaldTrump @marcorubio @southcomwatch Venezuelan urban guerrillas serving the narcodictatorship of Nicolas Maduro threatening citizens publicly https://twitter.com/josecolinap/status/1035347288556752896?s=21Â â€¦
@CIA here for the ratio. it sucks that the cia's social media intern had to go thru an exhaustive background check only to get fired lmao.
@karlgheller @CIA Lol remember bay of pigs?
@CIA  pic.twitter.com/hJLNiKc1Hc
@CIA @AmbassadorRice@INTERPOL_HQ@IntlCrimCourt pic.twitter.com/f0GMQzg5B9
"@CIA ĞŸĞ ĞĞ¨Ğ£ ĞŸĞ Ğ•Ğ—Ğ˜Ğ”Ğ•ĞĞ¢Ğ Ğ£ĞšĞ ĞĞ˜ĞĞ« ĞŸĞĞ ĞĞ¨Ğ•ĞĞšĞ, ĞŸĞ ĞĞ¨Ğ£ ĞŸĞ Ğ•Ğ—Ğ˜Ğ”Ğ•ĞĞ¢Ğ Ğ ĞĞ¡Ğ¡Ğ˜Ğ˜ ĞŸĞ£Ğ¢Ğ˜ĞĞ Ğ ĞĞ¡Ğ¡ĞœĞĞ¢Ğ Ğ•Ğ¢Ğ¬ ĞĞ‘ĞªĞ•ĞšĞ¢Ğ˜Ğ’ĞĞ-Ğ’Ğ¡Ğ•Ğ¡Ğ¢ĞĞ ĞĞĞĞ• Ğ¡Ğ¢Ğ ĞĞĞ˜Ğ¦Ğ£ Ğ¾Ñ‚ 05.11.15. Ğ›Ğ˜ĞšĞ’Ğ˜Ğ”Ğ˜Ğ ĞĞ’ĞĞ¢Ğ¬ Ğ“Ğ Ğ£Ğ‘Ğ•Ğ™Ğ¨Ğ˜Ğ• ĞĞĞ Ğ£Ğ¨Ğ•ĞĞ˜Ğ¯ ĞŸĞ ĞĞ’ Ğ§Ğ•Ğ›ĞĞ’Ğ•ĞšĞ Ğ’ Ğ’ĞĞ¨Ğ˜Ğ¥ Ğ“ĞĞ¡Ğ£Ğ”ĞĞ Ğ¡Ğ¢Ğ’ĞĞ¥ pic.twitter.com/cIyTrU41vB"
"@CIA ĞŸĞ ĞĞ¨Ğ£ ĞŸĞ Ğ•Ğ—Ğ˜Ğ”Ğ•ĞĞ¢Ğ Ğ£ĞšĞ ĞĞ˜ĞĞ« ĞŸĞĞ ĞĞ¨Ğ•ĞĞšĞ, ĞŸĞ Ğ•Ğ—Ğ˜Ğ”Ğ•ĞĞ¢Ğ Ğ ĞĞ¡Ğ¡Ğ˜Ğ˜ ĞŸĞ£Ğ¢Ğ˜ĞĞ Ğ ĞĞ¡Ğ¡ĞœĞĞ¢Ğ Ğ•Ğ¢Ğ¬ Ñ†Ğ¸Ñ‚Ğ°Ñ‚Ñƒ- Ğ—ĞĞ¯Ğ’Ğ›Ğ•ĞĞ˜Ğ• ĞĞšĞĞ—ĞĞ›ĞĞ¡Ğ¬ Ğ’ Ğ ĞĞ¡Ğ¡Ğ˜Ğ™Ğ¡ĞšĞĞœ ĞŸĞĞ¡ĞĞ›Ğ¬Ğ¡Ğ¢Ğ’Ğ• Ğ² Ğ£ĞšĞ ĞĞ˜ĞĞ• Ñƒ Ğ‘Ğ«Ğ’Ğ¨Ğ•Ğ“Ğ Ğ¡ĞĞ’Ğ•Ğ¢ĞĞ˜ĞšĞ Ğ“Ğ£Ğ¡Ğ•Ğ’Ğ ĞĞ›Ğ•ĞšĞ¡ĞĞĞ”Ğ Ğ Ğ‘ĞĞ Ğ˜Ğ¡ĞĞ’Ğ˜Ğ§Ğ pic.twitter.com/XiyCtM7NdA"
@CIA â€œMockingbirdâ€ isnâ€™t a thing. Right.ğŸ¤¥ğŸ¤¥ğŸ¤¥
"@CIA Yeah, yeah, like the â€œoversightâ€ of the Federal Reserve, right?ğŸ¤£ğŸ¤£ğŸ¤£ğŸ¤£ Donâ€™t you guys have an unmarked plane to load with bales of cocaine somewhere? There are clandestine secret wars that need to be funded after all."
@CIA Facebook. Ğ’ĞĞ›Ğ•Ğ Ğ˜Ğ™ ĞœĞ˜Ğ¥ĞĞ™Ğ›ĞĞ’. Ğ—ĞĞ¯Ğ’Ğ›Ğ•ĞĞ˜Ğ˜ ĞĞšĞĞ—ĞĞ›Ğ˜Ğ¡Ğ¬ Ğ² Ğ ĞĞ¡Ğ¡Ğ˜Ğ™Ğ¡ĞšĞĞœ ĞŸĞĞ¡ĞĞ›Ğ¬Ğ¡Ğ¢Ğ’Ğ• Ğ² Ğ£ĞšĞ ĞĞ˜ĞĞ• Ñƒ Ğ‘Ğ«Ğ’Ğ¨Ğ•Ğ“Ğ Ğ¡ĞĞ’Ğ•Ğ¢ĞĞ˜ĞšĞ Ğ“Ğ£Ğ¡Ğ•Ğ’Ğ ĞĞ›Ğ•ĞšĞ¡ĞĞĞ”Ğ Ğ Ğ‘ĞĞ Ğ˜Ğ¡ĞĞ’Ğ˜Ğ§Ğ. Ğ¢ĞĞšĞ˜Ğœ ĞŸĞ£Ğ¢ĞĞœ Ğ¯ĞĞ£ĞšĞĞ’Ğ˜Ğ§ Ğ—ĞĞ¢ĞšĞĞ£Ğ› ĞœĞĞ• Ğ ĞĞ¢ Ğ½Ğ° 6 Ğ›Ğ•Ğ¢. ĞĞ¢ 19.05.2012. pic.twitter.com/KLYBuymYia
"@CIA Youâ€™re inciting regime change in Nicaragua and Venezuela right now, unable to abide leftist governments."
@CIA Does toppling governments and killing thousands count as policy
"@CIA ĞĞ˜Ğ–Ğ• Ğ˜Ğ—Ğ›ĞĞ–Ğ•Ğ Ğ£ĞšĞ ĞĞ˜ĞĞ¡ĞšĞ˜Ğ™ Ğ‘Ğ•Ğ¡ĞŸĞ Ğ•Ğ”Ğ•Ğ›-Ğ¦Ğ•ĞĞ—Ğ£Ğ Ğ ĞĞ Ğ“ĞĞĞ˜Ğ—ĞĞ’ĞĞĞĞ«Ğ™ ĞĞ’Ğ¢ĞĞ Ğ˜Ğ¢ĞĞ ĞĞ«Ğœ Ğ Ğ•Ğ–Ğ˜ĞœĞĞœ ĞŸĞĞ ĞĞ¨Ğ•ĞĞšĞ ĞµĞ³Ğ¾ Ğ¡Ğ‘Ğ£. ĞŸĞ ĞĞ¨Ğ£ ĞŸĞ Ğ•Ğ—Ğ˜Ğ”Ğ•ĞĞ¢Ğ ĞŸĞĞ ĞĞ¨Ğ•ĞĞšĞ Ğ ĞĞ¡Ğ¡ĞœĞĞ¢Ğ Ğ•Ğ¢Ğ¬, ĞĞ‘ĞªĞ•ĞšĞ¢Ğ˜Ğ’ĞĞ. ĞĞ° 27.08.18 pic.twitter.com/0GWzfn7opn"
@CIA u ahite in thea?
"@CIA  https://twitter.com/opelikacreek/status/1035311313981865984?s=19Â â€¦Burn in Hell, and tell your friend Osama I send my regards when you get there."
@CIA Ğ£Ğ¡Ğ¢ĞĞĞĞ’Ğ›Ğ•ĞĞ- ĞĞ¾Ğ²Ğ°Ñ Ğ¾Ğ¿ĞµÑ€Ğ°Ñ†Ğ¸Ğ¾Ğ½Ğ½Ğ°Ñ ÑĞ¸ÑÑ‚ĞµĞ¼Ğ° 20.08.18. Ğ¡Ğ¢ĞĞ Ğ£Ğ® Ğ¡Ğ˜Ğ¡Ğ¢Ğ•ĞœĞ£ Ğ’Ğ«Ğ’Ğ•Ğ› Ğ˜Ğ— Ğ¡Ğ¢Ğ ĞĞ¯ ĞĞ’Ğ¢ĞĞ Ğ˜Ğ¢ĞĞ ĞĞ«Ğ™ Ğ Ğ•Ğ–Ğ˜Ğœ Ğ’ Ğ£ĞšĞ ĞĞ˜ĞĞ• ĞŸĞĞ ĞĞ¨Ğ•ĞĞšĞ ĞµĞ³Ğ¾ Ğ»Ğ¸Ñ‡Ğ½Ñ‹Ğ¼ ĞŸĞ Ğ•Ğ”Ğ¡Ğ•Ğ”ĞĞ¢Ğ•Ğ›Ğ•Ğœ Ğ¡Ğ‘Ğ£ Ğ“Ğ Ğ˜Ğ¦ĞĞš. Ğ’ Ğ›Ğ˜ĞšĞ’Ğ˜Ğ”ĞĞ¦Ğ˜Ğ˜-Ğ‘Ğ›ĞĞšĞ˜Ğ ĞĞ’ĞĞĞ˜Ğ• Ğ¡Ğ˜Ğ¡Ğ¢Ğ•ĞœĞ« ĞŸĞ Ğ˜ĞĞ¯Ğ› ĞĞšĞ¢Ğ˜Ğ’ĞĞĞ• Ğ£Ğ§ĞĞ¡Ğ¢Ğ˜Ğ• Ğ”Ğ˜ĞšĞ¢ĞĞ¢ĞĞ Ğ¡ĞšĞ˜Ğ™ Ğ Ğ•Ğ–Ğ˜Ğœ Ğ² Ğ ĞĞ¡Ğ¡Ğ˜Ğ˜ ĞŸĞ£Ğ¢Ğ˜ĞĞ ĞµĞ³Ğ¾ Ğ›Ğ˜Ğ§ĞĞ«Ğœ Ğ¤Ğ¡Ğ‘. pic.twitter.com/QF86m09YMK
"@wapo @nytimes @CIA You forgot ""journalists & editors"" @NYTimes @WaPo, etc  in your little laundry list."
@CIA Lol another mission failed. Maybe you should surrender that NBWR to G.F. now yeah? Hahahah ğŸ¤£ğŸ¤£ğŸ¤£ğŸ¤£ just kidding you don't know how to even properly use that.
@CIA Found a new logo for yall pic.twitter.com/tutH2fcpg5
@CIA  pic.twitter.com/c2JfpyZWy6
@CIA Go home yankees de M ****
@FBI @CIA @cia @fbi @angolaangola oil have in the world H game heereby orddered to buy for 101000000$ us of danish ecological oatmeal before 2033
@CIA Myth: the president makes informed decisions
"@CIA Shouldn't an oversight be able to see everything that is going on within the CIA? And if so, wouldn't one need a top level security clearance in order to efficiently oversee the CIA? Not that I trust the House or Senate to begin with."
@CIA Bahahahahhaahahhahahahahbahahahaahahhahahajahahahhahahahahahhahahwhahahhwhwhwhahahahahahahahhahahahahahahhahahahahahhahahahahahahahahhahahahahahahhahahahahahhaa
@CIA Would you like to see my portfolio?!
@CIA absolute horseshit ya jabronis
@CIA Myth: The CIA always tells the truth.Fact: Please read this thread.
"@CIA What about indepent contracting an intelligence operative? Won't lie I've always been intrigued at the possibility of working for the CIA, but I'm definitely a bit more Sherlock than suit. So I kind of figured the agency wouldn't want me."
@CIA so whats the drink of choice when we kidnapping haitian leaders?
@CIA Project SHAD
"@CIA Google: Operation Mockingbird, Projects MKULTRA, MKDELTA, Project Paperclip, Operation Northwoods, Timber Sycamore, Operation CHAOS, Operation Mongoose, Junta, Deathsqauds, coups, Stuxnet, assassinations.... not enough space for twitter."
@CIA That's cute. Tell me another one. pic.twitter.com/VEAlsDoKOS
@CIA  pic.twitter.com/bxWDzbi9o8
@CIA Isn't sad you feel obligated to do this.
@marypankiw @CIA You want to be extraordinary?  Throw Traitor Trump in jail and destroy Putin.
@CIA Liez
@CIA Asassinations though?
@CIA Does the CIA actually file and adhere to international flight plans? pic.twitter.com/9MW3Og7YJV
@CIA  pic.twitter.com/9FlfDOaAu9
@CIA This is my favorite.
@CIA There is no job. But I swear to God if I go to court or decide to pass and I get picked up by this piece of shit police department. I will get children and their parents of the CIA killed. Want to fight. You know what to do. Better be big. You want to go to war? Losers
@CIA Didnâ€™t realise you had to be an auto mechanic to cut brake lines
@WriteSmitty @CIA Don't need to sell the CIA to me or most anyone. Would like you candor in getting the real scoop on those that blame you.
@CIA You junebugs are bioluminescent.  Get rekt.
"@CIA My sister is/was a retired â€œspyâ€. She didnâ€™t tote a gun, she did travel a bit and I think she preferred scotch to a martini. She was also the best damn sister a brother could ask for. In retirement she started a consulting firm. This is her bio from there, itâ€™s a couple years old pic.twitter.com/QegDfMOGLb"
"@AssangeMrs @CIA Professional liars, torturers, murderers, assassins, warmongers, human rights abusers, violators of Constitutional rights,..."
